id,name,address,city,postal,country,email,phone,web
961, COTE PROJET,2475 ROUTE DE NOROLLES,FAUGUERNON,14100 ,FR,fabien@cote-projet.fr,+33 7 83 85 22 56,https://www.facebook.com/coteprojetofficiel
441,A.V.V Atheneaum de la Vigne et du Vin,5 rue de l'Hôtel-Dieu,Beaune,21200,FR,info@athenaeum.com,+33 3 80 25 08 30,https://www.athenaeum.com
908,Aasgard - SARL Socafoc,15 Rue Michel Carre,Cabestany,66300,FR,eric@loopsinvest.com,+33 4 68 29 74 66,https://www.aasgard.fr/magasins/aasgard-perpignan
699,ADH PISCINES ET PAYSAGE ORLÉANS,6 rue de la Chistera,La Chapelle Saint Mesmin,45380,FR,contact@adh-paysages.com,+33 2 38 25 10 30,https://www.amboisepaysage.com/mobilier-de-jardin-by-adh
698,ADH PISCINES ET PAYSAGE VENDÔME,39 Avenue des Rondaizes,Villiers sur Loir,41100,FR,contact@adh-paysages.com,+33 2 54 72 79 49,https://www.amboisepaysage.com/mobilier-de-jardin-by-adh
771,Alpes Matériel Hôtelier,Rue des couteliers - Centre d'activités Sud,Briançon,05100,FR,,+33 4 92 21 92 23,http://www.alpes-materiel-hotelier.fr
1261,ALVA,IMP. EDISON,BELZ,56550,FR,alva56@orange.fr,+33 (0)2 97 83 68 43,https://www.alva-decoration.fr/
809,Ambiance Extérieur Design ,117 route de Grenoble,ST PRIEST,69800,FR, l.gauthier@aed-galerie.com,+33 6 07 22 12 56,https://www.aed-galerie.com
801,Ambiance Riviera,"96 Route du Plan de la Tour,",Sainte-Maxime,83120,FR,,+33 4 94 43 21 30,http://www.ambiance-riviera.fr/
889,AMBOISE PAYSAGE BY ADH,"1, rue des Ormes ",NAZELLES NEGRON ,37530 ,FR,contact@amboisepaysage.com,+33 2 47 57 19 72,https://www.amboisepaysage.com/mobilier-de-jardin-by-adh
472,Ansel espaces verts,5 rue de Munster,Wihr au Val,68230,FR,eric@anselpaysages.fr,+33 3 89 86 58 82,
1067,AQUILUS Piscines et spas Chartres,Zone Artisanale Mondétour,NOGENT-LE-PHAYE,28630,FR,,+33 2 37 31 99 04,https://magasin.aquilus-piscines.com/114-aquilus-piscines-et-spas-chartres?utm_source=gmb
896,Atelier ISA,32 Avenue de Rigny ,BRY SUR MARNE,94360 ,FR,contact@atelierisa.fr,+33 1 48 81 00 22,https://atelierisa.fr/
470,Atmosphère Megeve,211 rue de la poste,Megeve,74120,FR,contact@atmospheremegeve.com,+33 4 50 90 18 58,http://www.atmospheremegeve.com
777,ATRE DESIGN,12 bis rue de l'Auge,Perrigny,89000,FR,,+33 3 86 18 96 82,http://www.atre-design.com/
897,Attila,1 Rue de Layauga,Gaillan-en-Médoc,33340 ,FR,jm.courrian@attila-medoc.com,+33 5 56 41 05 91,https://www.attila-medoc.fr
415,Au Bonheur du Cuisinier,65 Grande Rue,Bourg Saint Maurice,73700,FR,au.bonheur.du.cuisinier@orange.fr,+33 4 79 07 02 58,https://www.au-bonheur-du-cuisinier.fr 
910,AU FIL DU BAIN - Eurocaro ,2 Rue du 11 Novembre,Puilboreau,17138 ,FR,direction@eurocaro17.fr,+33 5 46 68 00 23,https://www.aufildubain.fr
448,Autour du Feu,Zone Des Montagnes  - 241 Rue De La Génoise,Champniers,16430,FR, ,+33 5 45 22 98 09,http://www.autourdufeu16.fr
398,Barbecue & Co Feucherolles,"RD 307, ZA la Briqueterie",Feucherolles,78810,FR,contact@barbecue-co.com,+33 1 34 59 09 03,https://barbecue-co.com/braseros-et-chauffages-d-exterieur/braseros/#/fabricant-ofyr
702,Bazar Avenue Le Mans,Z.A. Nord - Rue Louis Delage,La Chapelle Saint Aubin,72650,FR,contact@bazaravenue.com,+33 2 28 01 72 33,https://www.bazaravenue.com/
700,Bazar Avenue Nantes,283 route de Vannes,Saint Herblin,44800,FR,contact@bazaravenue.com,+33 2 28 01 72 33,https://www.bazaravenue.com/
701,Bazar Avenue Rennes,2 rue Chesnay Beauregard,ST GREGOIRE,35760,FR,contact@bazaravenue.com,+33 2 28 01 72 33,https://www.bazaravenue.com/
867,BOSSARD SARL,51 Route de Nantes,CHALLANS,85300,FR,,+33 2 51 68 16 39,
761,Boulanger,Carrefour du Ponson,Aubenas,07200,FR,,+33 4 75 35 47 11,
408,Braley,Route d’Espalion,Onet Le Château,12850,FR,onet@braley-france.com,+33 5 65 44 93 24,http://www.braley-france.com
982,Breizh Barbecue,105 route de saint malo,La Chapelle des fougeretz,35520,FR,,+33 9 81 22 26 50,https://www.breizh-barbecue.com/
873,BRIFFAUT TRAITEUR,1924 Rue de la Ville aux Geais,MALAUNAY,76770 ,FR,,+33 6 95 30 16 76,http://www.briffaut-traiteur.fr/
868,BRISACH,11 rue du Traité de Paris,PORNIC,44210 ,FR,,+33 2 40 64 73 11,
960,BUT,Avenue du 18 mai,PITHIVIERS,45300 ,FR,,+33 2 38 30 01 13,https://www.but.fr/magasins/118/But-Pithiviers.html
814,C@ Vivre,4 rue de la Champagne,HOUTAUD,25300,FR,,+33 8 81 39 30 70,
428,Campistro,12 Bd Claude Debussy,Tarbes,65000,FR,tarbes@campistro.fr,+33 5 62 33 81 62,http://www.campistro.fr
566,Campistro Pau,1 Avenue Irene et Frédérique Joliot curie,Lons,64140,FR,,+33 5 59 80 29 01,
898,Carnet de Voyage,210 Avenue lou Mistraou,Bormes-les-Mimosas,83230 ,FR,carnetvoyages83@gmail.com,+33 4 94 24 51 30,
979,CASA CLAUSTRA,63 RUE EUGENE DE SAINT FUSCIEN ,GRANDVILLIERS,60210,FR,,+33 6 80 42 94 67,
691,CFR Rougny SAS,53 avenue Commandant Dumont,Gap,5000,FR,info@cfrrougny.fr,+33 6 75 80 94 89,https://www.cfrrougny-cheminee.fr/
775,Cheminée Géhin,2 Chemin du Canal,Remiremont,88200,FR,,+33 3 29 23 90 14,https://www.herve-gehin.fr
776,Cheminée Jouvin,1 Allée de la Haute Gasniais,Vitré,35500,FR,,+33 2 99 75 27 83,https://chemineesjouvin.com
987,CHEMINEE NICOLAS,72 AV. AMBROISE CROIZAT ,LANESTER,56600,FR,,+33 2 97 76 51 16,https://www.lorient.cheminees-nicolas.fr/le-magasin/
921,CHEMINEE § POELES,118 RUE DE LA ZONE ARTISANALE,WORMHOUT,59470 ,FR,jeanlin.p@gmail.com,+33 3 28 65 66 60,http://www.plancke.net/
399,Cheminées Filippi,"Route de Cargèse, Les bas d'Alata",Alata (Corsica),20167,FR,cheminees.filippi@wanadoo.fr,+33 4 95 21 42 19,
1028,CHEMINEES HERVE GEHIN,10 RUE DES FRERES LUMIERE,COLMAR,68000,FR,,+33 3 89 29 09 43,https://herve-gehin.fr/
426,Cheminees Lagourgue,"ZAC de Targa, Route De Sauveterre",Aïcirits-Camou-Suhast,64120,FR,contact@chemineelagourgue.fr,+33 5 59 65 47 79,http://chemineelagourgue.fr
460,Cheminees Rigail,Route de Desvres - Mont Lambert,St. Martin-Boulogne,62280,FR,antoine@rigail.fr,+33 3 21 99 23 21,https://www.rigail.fr
1282,Cocoon Garden,4 Route de Grossereix,Limoges,87280,FR,contact@cocoon-garden.com,+33 (0)5 55 03 72 37,https://www.cocoon-garden.com/
557,Comptoir Habitat,"Zone Pastoreccia, 65, Rue Claude Papi",Bastia,20600,FR,infos@comptoirhabitat.fr,+33 4 95 59 27 00,http://www.comptoirhabitat.fr
688,Concept & Flamme,6 Rue de Cracovie,Dijon,21000,FR,,+33 3 80 66 76 35,
780,CONCEPT 3000,2 Route des Isles,Pierreville,50340,FR,,+33 2 33 10 10 80,https://www.concept3000.fr/
469,Cooking Original,Zone Commerciale du Cartheray Amphion les Bains,Publier,74500,FR,cookingoriginal@orange.fr,+33 4 50 16 76 25,http://www.cookingoriginal.com
833,Cool Garden International,250 rue Raoul bayou,Beziers,34500 ,FR,,+33 4 67 77 45 81,http://www.salons-coolgarden.com
836,Cozy Garden,5 Rue Clément Ader,SAINT-JEAN-DE-VÉDAS,34430,FR,contact@cozygarden.fr,+33 6 85 26 33 27,https://cozygarden.fr
429,Creal Concept,ZA Rue de la Largue ,Seppois-le-bas,68580,FR,crealconcept@orange.fr,+33 3 89 07 61 61,http://creal-concept.fr
411,Cuisine & Barbecue Concept,1195 avenue Edouard Herriot,Villefranche-sur-Saône,69400,FR,contact@cuisinebarbecueconcept.fr,04 74 68 16 81,http://www.beaujolaisetbbq.fr
425,Cuts,45 Avenue Paul Doumer,Paris,75116,FR,contact@ cuts-paris.fr,+33 9 86 07 11 00,https://cuts-paris.fr
534,CUTS Villiers ,8 Rue de Tocqueville,Paris,75017,FR,contact@cuts-paris.fr,+33 9 82 48 16 16,https://cuts-paris.fr
899,Designa,446 Avenue de Bayonne,Bidart,64210 ,FR,staffan@designa.fr,+33 5 59 47 55 11,https://www.designa.fr
443,Deville Agen,Avenue d'Aquitaine,Boe,47550,FR,mg2p.energie@orange.fr,+33 5 53 66 11 99,http://www.deville47.com
479,Du Côté des Jardins,37 rue Montenoise,Villevieux,39140,FR,du.cote.des.jardins@gmail.com,+33 3 84 48 10 89,https://www.journet-terrasse.fr
1034,EB EXPO JURA,"18, rue de l’industrie",ARBOIS,,FR,,+33 (0)3 63 57 01 18,https://eb-expo.fr/
784,Eco Desembouage Chauffage,602 Pain Perdu,Valdivienne,86300,FR,ecodesembouagechauffage@orange.fr,+33 6 63 93 65 80,
870,ECOTEL TOURS,3 Avenue du Danemark,TOURS,37100 ,FR,,+33 2 85 63 03 95,https://www.ecotel-tours.fr/
1087,Edgar Den,Avenue Hélène Boucher,Boulazac,24750,FR,ludivine.p@edgar-den.fr,+33 5 53 08 98 24,https://www.edgar-den.fr/
696,Energie Poêle Cuisson ,1500 route de Saint Gilles,Nimes,30000,FR,adv.epc2@gmail.com,+33 4 66 23 32 01,http://www.energie-poele-cuisson.fr/
934,Entourage/SARL Colorama,970 Route d'Aix,Viviers-du-Lac,73420,FR,lorene@entourage-espritmaison.com,+33 4 56 57 16 65,https://www.entourage-espritmaison.com/
778,EPOQUES ET STYLES,10 Place Denfert Rochereau,MONTBELIARD,25200,FR,,+33 3 81 91 40 10,
403,Esprit BBQ,1 rue de menin - Parc de l'innovation,Marquette Lez Lille,59520,FR,web@esprit-barbecue.fr,+33 3 20 94 73 63,https://www.esprit-barbecue.fr
1288,ESPRIT COSY,40 AVENUE FOCH,FOLSCHWILLER,57730,FR,contact@esprit-cosy.fr,+33 (0)6 56 89 39 64,
788,Esprit de Famille,Le Pre du Bois Route de Rennes – RN 157  ,Loiron-Ruille,53320  ,FR,,+33 2 43 37 57 78,
703,Esprit de Famille,86 rue de Lorient,Quimperlé,29300,FR,espritfamille@orange.fr,+33 2 98 96 16 23,
839,ESPRIT TENDANCE,"Le moulin St Bernard, 176 Route de Maillane",ST REMY DE PROVENCE,13210 ,FR,,+33 4 90 26 67 55,
929,Ets Boucher Piscines & Paysages ,32 Rue de Bourbourey ,CLONAS SUR VAREZE ,38550 ,FR,magasin@boucher-paysagiste.com,+33 4 74 58 88 73,https://www.boucher-paysagiste.com/
1189,EXTERALU,24 Ter Rue du Bataillon France,COMPIEGNE,60200,FR,franck.exteralu@gmail.com,+33 (0)3 65 98 07 94,https://www.exteralu.fr
598,Extérieurs Tendance,ZA du Meyrol - 25 avenue du Meyrol,Montélimar,26200,FR,contact@exterieurs-tendance.fr,+33 6 67 24 59 41,http://www.exterieurs-tendance.fr
805,FABROL SOFA, Zone Artisanale Les Combes,LAMOTTE DU RHONE,84840,FR,fabrolsofalamotte@orange.fr,+33 4 90 30 16 72,
912,Feu Outdoor Cooking Store & Traiteur, 2 Impasse Charles Fourrier,Baillargues,34670,FR,contact@ledukestreetcantine.com,0695330886,https://www.feutraiteuroutdoor.com
466,Figuline,6 rue Allmer,Vienne,38200,FR,figuline@figuline-deco.fr,+33 4 74 85 69 82,https://www.figuline-deco.fr
901,Flam,950 Route de Grenoble,Colomars,06670,FR,jerome@flam-antibes.fr,+33 4 93 08 20 15,https://flam-nice.fr/
1008,FLAM Antibes,"1170 Route de Nice, Espace LAPORTE",ANTIBES,06600,FR,jerome@flam-antibes.fr,+33 4 83 65 13 57,https://flamfire.fr
762,Flam'attitude,Le Petit Guilhem,MONTAUT-LES-CRÉNEAUX,32810,FR,habitat-23-04@orange.fr,+33 5 62 06 80 57,https://www.flamattitude.fr
432,Flamkö,345 route de Mescadiou Parc d'activité de Mescadiou,Gouesnou,,FR,contact@flamko.fr,+33 2 72 88 39 40,https://www.flamko.bzh
468,Flamme and Co - Dignes les Bains,8 Rue Denis Papin,Dignes les Bains,04000,FR,flamme-and-co@orange.fr,+33 4 22 74 04 78,http:/www.flamme-and-co.com
467,Flamme and Co - Manosque,Chemin des Seignières,Manosque,04100,FR,flamme-and-co@orange.fr,+33 4 22 74 04 78,http://www.flamme-and-co.com
1281,Garden Store Meyer,"9, rue de la Bergerie",Steinseltz,67160,FR,contact@garden-store.fr,+33 (03) 88 94 92 83,https://www.garden-store.fr/
418,Garosi Energie,800 route de Robion,Cavaillon,84300,FR,contact@garosi-energie.com,+33 4 90 76 91 70,http://www.garosienergie.fr
693,Gedimat Tonetti,AVENUE Guillaume du Lac,La ciotat ,13600,FR,serge.darraillans@gedimat.fr,+33 6 23 05 63 62,https://www.gedimat.fr/index.php?magDest=1454
586,Girerd Décoration,Parc de Geai - 99 route de Lyon,Bourg les Valence,26500,FR,,+33 4 75 56 09 32,
774,Grégory GAVAZZI,13 Bis Rue du Pont,Plaines St Lange,10250,FR,,+33 9 54 33 07 08,http://www.gavazzi-gregory.fr
759,Griin Aubagne,Avenue de la Baumonne - ZAC du Pastré,Aubagne,13400,FR,,+33 4 42 01 55 08,https://griin-outdoor.com
760,Griin Vedène,130 Chemin du Pont Blanc Zone Ikea Buld'Air  ,Vedène,84270,FR,,+33 4 90 39 01 81,https://griin-outdoor.com
1040,GUEULETON,24 Impasse du Centre Secours,COZES,17120,FR,maxime.huguet@gueuleton.fr,+33 6 77 30 69 21,https://www.gueuleton.fr
704,H.A. Design,1 Avenue du Général Leclerc,Cabourg,14390,FR,alexandre.herve@live.fr,+33 2 31 86 69 73,https://www.ha-design-normandie.com/
474,Habiague,44 Rue d'Alsace Lorraine,Toulouse,31000,FR,contact@habiague.com,+33 5 61 21 56 61,https://www.habiague.com/
841,HABSYS BOIS,Route de Contigné,Les Hauts D'Anjou,49330,FR,jerome.deschepper@habsys-bois.fr,+33 2 41 18 03 30,https://habsys-bois.fr/
1071,Henri de Almeida,354 rue d'Arbigny,Varennes Les Mâcon ,71000,FR,courrier@henri-de-almeida.fr,+33 3 85 36 33 15 ,https://www.henri-de-almeida-creations.com/
1068,HENRI DE ALMEIDA CREATIONS,ZAC Les Combes,VARENNES LES MACON,71000,FR,,+33 3 85 36 33 15,https://www.henri-de-almeida-creations.com/
480,In&Outdoor by Album de Famille,6 rue de la Ville Biais,La Richardais,35780,FR,contact@in-and-outdoor.net,+33 2 23 15 58 90,http://www.in-and-outdoor.net
1274,ioma corse sas literie idéale grand sud,LES 4 CHEMINS LA MATONARA,PORTO VECCHIO,20137,FR,iomacorsedir@gmail.com,+33 (0)4 95 72 00 57,https://www.iomacorse.fr/
1205,ivantout,54 rue lagrua,La Teste-de-Buch,33260,FR,yann@ivantout.fr,+33 (0)5 57 52 80 02,
406,Jardin au carré,156 rue de l’Aérodrome,Niort,79000,FR,contact@jardinaucarre.fr,+33 (0)5 49 35 71 59,https://www.jardinaucarre.fr
758,Jardinerie Bergon ,386 Route de Fréjus,Le Muy,83490,FR,,+33 4 94 19 80 90,https://www.jardinerie-bergon.fr
414,Jardinerie Briat et Associes,13 route de Saint Etienne,Saint Chamond,42400,FR,contact@jardinerie-briat.fr,+33 4 77 31 94 37,http://www.jardinerie-briat.fr
1215,Jardinerie Tarnaise Albi,Rond Point de l'Arquipeyre,Albi,81000,FR,admin@jardinerietarnaise-albi.fr,+33 (0)5 63 60 75 17,https://jardinerietarnaise.fr/
1216,Jardinerie Tarnaise Castres,20 rue Henry le Châtelier,Castres,81100,FR,contact@jardinerietarnaise.fr,+33 (0)5 63 74 83 81,https://jardinerietarnaise.fr/
1191,jardinerie tarnaise fonlabour,2021 route de Toulouse – Zi Fonlabour,Albi,81000 ,FR,contact-fonlabour@jardinerietarnaise.fr,+33 (0)5 63 76 21 60,
1088,JTM- boulanger carcassonne ,8 RUE JOSEPHINE BAKER ,CARCASSONNE,11000,FR,sergio.fernandes@fr.boulanger.com,+33 (0)6 84 95 01 49,
705,KAYOU,33 Route de l'Aiguillon,ST Gilles Croix de Vie,85800,FR,stephanie@kayou-stgilles.fr,+33 2 51 31 95 45,https://www.kayou-stgilles.fr/
1027,LA BOUQUETTERIE,119 avenue de Valenciennes,CAMBRAI,59400,FR,,+33 3 27 81 52 68,https://bouquetterie.fr/
746,La Coutellerie Champenoise,30 Rue Colbert,Reims,51100,FR,coutellerie.champenoise@gmail.com,+33 3 51 00 10 73,https://www.coutellerie-champenoise.fr/
401,La Maison du barbecue,14 rue du commandant Charcot,Orvault,44700,FR,contact@atlanticbbq.fr,+33 2 40 26 88 76,https://www.lamaisondubarbecue.fr/
806,La Maison du bois de chauffage ,25 Boulevard Pasteur,Clermont-Ferrand,63000 ,FR,lmcb@sfr.fr,+33 4 73 34 24 13,https://www.lamaisonduchauffageaubois.fr/
772,La Pépinière Charvin,442 chemin de la Mine,St-Jorioz,74410,FR,,+33 4 50 68 67 63,https://charvin-paysagiste.com
697,La pépinière jardin design,20 Rue de la Libération,Arvet ,17530,FR,saslapepiniere@gmail.com,+33 5 46 36 61 14,https://www.saslapepinierebyjd.fr
533,Le Cabane des Auches,7 Route de Saint Agrève,Le Chambon sut Lignon,43400,FR,ericfougeirol@yahoo.fr,+33 6 12 47 74 70,
1214,LE CELLIER DU CLOITRE,6 Place de l'église,CREMIEU,38460,FR,contact@lecellierducloitre.fr,+33 (0)4 74 88 83 60,https://www.lecellierducloitre.fr/
599,Le Clos 47,47 Rue de la Fontaine Minérale,Bruyères-et-Montbérault,02860,FR,,+33 6 49 79 79 79,http://www.clos47.fr
431,Le Comptoir de Carteret,10 rue de Paris,Barneville-Carteret,50270,FR,lecomptoirdecarteret@orange.fr,+33 2 33 53 81 07,http://www.epicerie-comptoir-de-carteret.fr
446,Le Comptoir de Carteret,10 Rue de Paris,Barneville-Carteret,50270,FR, ,+33 2 33 53 81 07,http://www.epicerie-comptoir-de-carteret.fr
447,Le Pin Parasol,8 rue Benjamin Silliman,Reichstett,67116,FR,contact@lepinparasol.fr,+33 3 88 20 46 83,https://www.lepinparasol.fr
1058,Les Briconautes Biscarrosse ,Route de Parentis ,Biscarrosse ,40600,FR,,+33 5 58 83 10 10 ,
436,Les Materiaux d'Antan,5580 Rue d'Avignon,Aix en provence,13540,FR,contact@materiauxdantan.fr,+33 4 42 92 62 12,http://www.materiauxdantan.fr
461,LJ Diffusion Cheminée,2 Rue de la Hardt,Gundershoffen,67110,FR,contact.ljdiffusion@orange.fr,+33 3 88 07 32 50,http://cheminees-poeles-pellets-granules.fr
404,Louis Decottegnie,"39, rue Mirabeau",Mouvaux,59420,FR,eric@decottegnie.fr,+33 3 20 24 45 34,http://www.decottegnie.fr
935,Maison des Carrelages,42 Rue de Seteyre ZA DE,La Chapelle-d'Aurec,43120,FR,,+33 4 71 61 20 00,https://maisondescarrelages.com/
1158,MARECHAL PAYSAGISTE,LA MARTELIERE,LOIGNE SUR MAYENNE,53200,FR,info@marechal-paysagiste.com,+33 0243070360,https://www.marechal-paysagiste.com/
980,Meubles CONTEMPO,Zone commercial fortuneau,Montélimar,26200,FR,,+33 4 75 51 93 80,https://www.meublescontempo.com
981,Meubles CONTEMPO,"Zac Fréjorgues Est 2, 335 rue Etienne Lenoir",MAUGUIO,34130,FR,,+33 4 99 13 60 67,https://www.meublescontempo-montpellier.fr
902,Meubles Vagnon,2 Place Saint-Clément,Le Pont-de-Beauvoisin,38480 ,FR,,+33 4 76 37 25 07,http://meublesvagnon.com
473,MG2P Energie,11 rue Voltaire,Montauban,82000,FR,deville.montauban@orange.fr,+33 5 63 02 40 48,
694,Monsieur Bois ,47 avenue de copenhague,Signes,83870,FR,antoine.meli@monsieurbois.fr,+33 6 16 28 93 01,https://www.monsieurbois.fr/cuisson-plein-air
903,Mont Blanc Cheminées,53 Place de la Grenette,Sallanches,74700,FR,kevin@franckdesigner.com,+33 4 50 96 94 64,https://www.franckdesigner.com
695,Nature bois concept,1 route de surgères ,TONNAY-CHARENTE,17430,FR,bastien.deveau@nature-bois-concept.fr,+33 6 67 47 26 76,https://www.nature-bois-concept.com/boutique/
427,Nordik,"9 B Route Nationale 18, Les Maragolles",Lexy,54720,FR,sasnordik@hotmail.com,+33 3 82 44 03 44 / +33 6 05 17 64 22,
416,Pepinieres Puthod,1605 rue Michel Carquillat,Le Petit Bornard Les Glieres,74130,FR,infos@puthod.com,+33 4 50 03 50 31,http://www.puthod.com
832,PISCINES § SPAS 62-80  ,24 Rue Jean JAURES  ,ABBEVILLE ,80100,FR,contact@mondialpiscineabbeville.fr, +33 3 22 19 46 99  ,
409,Planète Barbecue,34 Avenue de l'Argonne,Mérignac,33700,FR,contact@planetebarbecue.com,+33 5 56 18 97 98,https://www.planetebarbecue.com/
413,Poele Concept,ZAC de La Gouyonnière,La Fouillouse,42480,FR,laurent.victor@poeleconcept.com,+33 4 27 64 50 64,http://www.poeleconcept.fr
1195,Poêles et Pellets Occitans,6 avenue des muriers,ROQUES,31120,FR,contact@p-p-o.fr,+33 (0)5 34 46 20 58,https://poelesetpelletsoccitans.fr/
970,Portaix loisirs,28 avenue du Périgord,Artigues Prés Bordeaux,33370 ,FR,portaixloisirs@orange.fr,+33 5 57 34 20 28,https://www.portaix-outdoor.fr
871,PRESSE PAYSAGE,Rue Mauchamp,TREGUEUX,22950 ,FR,,+33 2 96 71 03 52 ,https://www.presse-paysagiste.fr/
1041,Raviday,Zone de la Sangle Rue de l'Océan,Loire Atlantique,44390,FR,appro@raviday.com,+33 6 03 20 71 81,https://Raviday.com
947,Rêves D'Extérieurs,135 impasse de l’Oratoire,SILLINGY,74330 ,FR,info@revesdexterieurs.com,+33 4 79 50 61 04 54 ,https://www.revesdexterieurs.com
1106,RIEHL PAYSAGES,8 RUE DU LAVOIR,ALLENWILLER,67310,FR,contact@riehl-paysages.fr,+33 3 88 03 23 20,https://www.riehl-paysages.fr/
988,RM HABITAT,RUE DU CANAL ,IGOVILLE,27460,FR,,+33 2 32 80 54 03,https://www.rmhabitat.fr/
905,SARL Cheminées Mercier,Avenue de Royan,Pons,17800 ,FR,mercier.cheminees@orange.fr,+33 5 46 94 01 45,http://cheminees-mercier.fr
906,SARL Moulin de Riottier,377 Riottier,Jayat,01340,FR,moulinderiottier@gmail.com,+33 4 74 30 37 17,https://www.moulin-de-riottier.fr/la-boutique
904,SARL Roche Paysage,271 Avenue Pascal Blaise,Saint-Germain-Laprade,43700 ,FR,damien@roche-paysage.fr,+33 4 71 05 16 14,https://www.roche-paysage.fr
909,SAS Albireo - Bricomarché,"Zone d'en Matto, Rue Des Iris",Castelnaudary,11400 ,FR,pdv03199@mousquetaires.com,+33 4 68 23 11 00,https://www.bricomarche.com/magasin/castelnaudary/03199
575,Savoie Cheminees,15 rue de Montréal,Ville la Grand,74100,FR,jl.boucansaud@savoiecheminees.fr,+33 4 50 87 14 48,http://www.savoie-cheminees.fr
1022,SOEKO OUTDOOR Bretagne,ZA Bel air ,QUEVERT,22100,FR,,+33 2 90 20 30 87,https://so-eko-outdoor.com/    
1021,SOEKO OUTDOOR Normandie,"3, rue pierre Mendés ",ARGENTAN,61200 ,FR,,+33 2 14 18 81 58,https://so-eko-outdoor.com/
405,Stores Enderlin,Route nationale 66 - Technopark,Schlierbach,68440,FR,storesenderlin@gmail.com,+33 3 89 81 37 47,http://www.enderlin-stores.com
1109,Sud Mobidis,9001 Route d'Eus- Impasse Gibraltar,Prades,66500,FR,contact@sudmobidis.com,+33 6 20 26 43 29,https://www.sudmobidis.com/
1273,SUNDANCE SPAS NANCY,ZAC DU BREUIL,MESSEIN,54850,FR,tom@sundance-spas.fr,+33 (0)7 89 20 64 79,
1187,SUNDANCE SPAS THIONVILLE,13 Bcle du Ferronnier,THIONVILLE,57100,FR,tom@sundance-spas.fr,+33 (0)7 89 20 64 79,
556,Suzzoni,Route de Calvi - Résidence les 3C- Bat A,L'Île-Rousse,20220,FR,info@suzzoni.fr,+33 4 95 55 86 41,http://www.suzzoni.fr
911,Taravello,Za Les Revols,Mours-Saint-Eusèbe,26540 ,FR,nicolas.taravello@taravello-sa.fr,+33 4 75 05 79 93,https://www.taravellopro.fr
763,Tendance O,2 rue péchaud,Lalinde,24150,FR,,,https://www.tendanceoutdoor.com/
862,TERRE DE FEU,Les Hunaudières,MULSANNE,72230 ,FR,,+33 2 43 40 42 21,http://www.energiebois72.fr/
402,The Gastronomie House,9 rue de la Part Dieu - Angle cours de la Liberté,Lyon,69003,FR,contact@the-gastronomie-house.com,+33 4 26 65 06 37,http://www.the-gastronomie-house.com/club-gourmet/
412,Toques et Bouchons,Distributeur CHR (SUD EST),,,FR,contact@toquesetbouchons.com,+33 6 07 40 76 73 / +33 6 83 41 97 25  ,http://www.ofyr.fr
1272,TOUT FEU TOUT FLAMME,8 RUE DU CHAMPS JUPIN,ORMES,51370,FR,tout-feu-tout-flamme@orange.fr,+33 (0)3 26 83 48 27,https://toutfeutoutflamme51.fr/
576,Travaux Confort,179 avenue de Bordeaux,Narbonne,11100,FR,contact@travauxconfort.fr,+33 4 68 40 43 16,http://www.travauxconfort.fr
872,TREMBLAIS CREATEUR,Zone du Cormier 4,CHOLET,49300 ,FR,,+33 2 41 56 00 18,https://www.tremblais.fr/
1231,TRUFFAUT Amiens,Pôle Jules Verne - 3 passage Rayon Vert,Longueau,80330,FR,,+33 (0)3 22 46 02 15,https://www.truffaut.com/stores/amiens
1253,TRUFFAUT Aubagne,"ZI Les Paluds, Route de Gémenos",Aubagne,13400,FR,,+33 (0)4 42 84 21 22,https://www.truffaut.com/stores/aubagne
1224,TRUFFAUT Baillet,RN 1,Baillet en France,95570,FR,,+33 (0)1 30 11 91 36,https://www.truffaut.com/stores/baillet-en-france
1240,TRUFFAUT Buchelay,12 Rue du Lot-Zac les Clozeaux,Buchelay,78200,FR,,+33 (0)1 30 63 35 80,https://www.truffaut.com/stores/buchelay
1237,TRUFFAUT Cabriès,ZAC Grande Campagne,Cabriès,13480,FR,,+33 (0)4 42 34 37 60,https://www.truffaut.com/stores/cabries
1232,TRUFFAUT Chateney Malabry,72 Avenue R. Salengro,Chatenay Malabry,92290,FR,,+33 (0)1 41 87 92 40,https://www.truffaut.com/stores/chatenay-malabry
1234,TRUFFAUT Colmar,2 route de Strasbourg,Colmar Houssem,68125,FR,,+33 (0)3 89 41 80 00,https://www.truffaut.com/stores/colmar
1239,TRUFFAUT Colomiers,ZAC d'Activité du Perget,Colomiers,31770,FR,,+33 (0)5 34 50 53 65,https://www.truffaut.com/stores/colomiers
1236,TRUFFAUT Coutevroult,"La Mare Aux Poissons, Rd 406 Entre Coutevroult Et Bailly-Romainvilliers",Coutevroult,77580,FR,,+33 (0)1 64 17 19 90,https://www.truffaut.com/stores/coutevroult
433,Truffaut Deauville,Route de Paris,Deauville,14800,FR,d.stefaniak@truffaut.com,+33 2 31 88 18 42,https://www.truffaut.com/stores/deauville
1241,TRUFFAUT Fourqueux,ZA du Pince -Loup,Fourqueux,78112,FR,,+33 (0)1 39 21 37 60,https://www.truffaut.com/stores/fourqueux
1228,TRUFFAUT Herblay,270 Bd du Havre,Pierrelaye,95220 ,FR,,+33 (0)1 39 31 33 44,https://www.truffaut.com/stores/herblay
1235,TRUFFAUT Ivry,5 rue Francois Mitterand,Ivry sur Seine,94200,FR,,+33 (0)1 56 20 59 30,https://www.truffaut.com/stores/ivry-sur-seine
1229,TRUFFAUT La Ville du Bois,N20,La Ville du Bois,91620,FR,,+33 (0)1 69 63 32 32,https://www.truffaut.com/stores/la-ville-du-bois
1222,TRUFFAUT Le Chesnay,centre commercial Parly 2,Le Chesnay-Rocquencourt,78150,FR,,+33 (0)1 39 23 90 20,https://www.truffaut.com/stores/le-chesnay
1254,TRUFFAUT Les Ulis,"22, avenue des Andes - Z.A. de Courtaboeuf",COURTABŒUF,91940,FR,,+33 (0)1 64 46 55 09,https://www.truffaut.com/stores/les-ulis
1242,TRUFFAUT Metz,1 Chemin de la Pie Grièche,Moulins-lez-Metz,57160,FR,,+33 (0)3 87 66 17 70,https://www.truffaut.com/stores/Metz
1238,TRUFFAUT Montpellier,77 Rue Helene Boucher,Mauguio,34130,FR,,+33 (0)4 99 52 50 70,https://www.truffaut.com/stores/mauguio
1223,TRUFFAUT Nantes,258 route de Vannes,ORVAULT,44700,FR,,+33 (0)2 51 77 82 50,https://www.truffaut.com/stores/nantes
1227,TRUFFAUT NICE | Jardinerie Petruccioli,528 boulevard du Mercantour,Nice,06200,FR,,+33 (0)6 26 24 20 92,https://www.truffaut.com/stores/nice-jardinerie-petruccioli
1233,TRUFFAUT Nîmes,400 RUE Michel Debré,Nîmes,30900,FR,,+33 (0)4 66 04 00 00,https://www.truffaut.com/stores/nimes
1249,TRUFFAUT Orléans,Route de Sandillon,SAINT-JEAN-LE-BLANC,45650,FR,,+33 (0)2 38 22 69 70,https://www.truffaut.com/stores/orleans
1255,TRUFFAUT Paris Grande Stade,2 Rue Jesse Owens,Saint-Denis,93200 ,FR,,+33 (0)1 49 46 68 68,https://www.truffaut.com/stores/paris-grand-stade
1251,TRUFFAUT PAU,"ZAC du Mail - 1-7, rue Robert Schuman",LONS,64140,FR,,+33 (0)5 59 40 10 40,https://www.truffaut.com/stores/pau
1248,TRUFFAUT Plaisir,RN12- ZA Sainte-Apolline,Plaisir,78370,FR,,+33 (0)1 30 79 20 50,https://www.truffaut.com/stores/plaisir
1226,TRUFFAUT Ponthierry,RN 7,Ponthierry,77310,FR,,+33 (0)1 60 65 45 08,https://www.truffaut.com/stores/ponthierry
1230,TRUFFAUT Rennes,54 Avenue du Canada,RENNES,35200,FR,,+33 (0)2 99 50 50 70,https://www.truffaut.com/stores/rennes
1244,TRUFFAUT Saint Jory,10 route départmentale 820,Saint-Jory,31790,FR,,+33 (0)5 61 35 53 69,https://www.truffaut.com/stores/saint-jory
1250,TRUFFAUT Saint-Maxim,Centre Commercial Cora- RN16,Saint-Maximin,60740,FR,,+33 (0)3 44 25 02 31,https://www.truffaut.com/stores/saint-maximin
1243,TRUFFAUT Tours Madeleine,213-215 Avenue du Grand Sud,Chambray les Tours,37170,FR,,+33 (0)2 47 28 11 62,https://www.truffaut.com/stores/tours
1225,TRUFFAUT Villeparisis,RN 3 Route de Villevaudé,Villeparisis,77270,FR,,+33 (0)1 64 27 59 49,https://www.truffaut.com/stores/villeparisis
1252,TRUFFAUT Villeparisis,RN 3 - Route de Villevaudé,VILLEPARISIS,77270,FR,,+33 (0)4 64 27 59 49,https://www.truffaut.com/stores/villeparisis
430,Turbofonte,22 rue du Bois d'Orly,Augny,57685,FR,turbofonte_@orange.fr,+33 3 87 37 36 92,http://magasins.turbofonte.com/metz
1025,VERT EQUIP,ROUTE DE MONTEREAU D 606,MONTARLOT,77250,FR,,+33 1 64 70 64 70,https://vert-equip.fr/
1042,Villaverde,1165 Chemin de Combes,Antibes,06600,FR,mobilier.villaverde@orange.fr,+33 4 97 21 87 71,https://www.villaverde.fr/antibes/
913,Vue Exterieure,34 Avenue des Charpentiers,Soorts-Hossegor,40150 ,FR,contact@vuexterieure.com,+33 5 58 90 64 35,https://www.vuexterieure.fr
410,Vue sur Cour,68 rue St-François,Marange-Silvange,57535,FR,contact@vue-sur-cour.fr,+33 3 87 80 57 77,http://www.vue-sur-cour.fr/deco-exterieure/
765,Week-end Diffusion,ZAC de Bridal,Uzeche,19140,FR,,+33 5 55 73 22 67,https://weekend-diffusion.com/index.php
511,Weldom - Aigues-Mortes,787 Route de Nîmes,Aigues-Mortes,30220,FR,wfm@groupe-martin.fr,+33 4 66 53 99 21,http://www.weldom.fr/weldom/nos-magasins/145501.ht
914,Weldom Sarl VABEMA,Avenue de la Mayre,Bagnols-sur-Cèze,30200 ,FR,luccaantoine@gmail.com,+33 4 66 90 52 90,https://www.weldom.fr/weldom/nos-magasins/143801.html
1137,BBQ Experience Center,Pastorijstraat 7,Herent,3020 ,BE,team@bbqexperiencecenter.be,+32 16930137,https://www.bbqexperiencecenter.be/nl/
232,BBQ Experience Center,Badhuisstraat 18,Roosendaal,4703 BH,NL,info@bbqexperiencecenter.nl,+31 85 130 11 81,https://www.bbqexperiencecenter.nl/
18,BBQ Point,Industriestr. 16,Castrop-Rauxel,44577,DE,post@bbqpoint.de,+49 2367 98267,http://www.bbqpoint.de
1122,BBQ-Atelier,Bredabaan 948a, Brasschaat, 2930,BE, info@bourbon-sleeckx.com,+32 (0)3 38 30 669,https://www.bbqatelier.be/
341,Bourbon-Sleeckx Bvba,Turnhoutsebaan,Schilde,2970,BE,info@bourbon-sleeckx.com,+32 3 383 06 69,https://www.bourbon-sleeckx.com/
345,D'Hondt - Het Buitenhuis,Bevrijdingslaan 157a-159,Appels-Dendermonde,9200,BE,info@hetbuitenhuis.be,+32 52 25 61 16,http://www.hetbuitenhuis.be/
23,Das Herrengut,Johannette-Lein-Gasse 28,Gießen,,DE,info@das-herrengut.de,+49 641 97 87 99 56,https://www.das-herrengut.de
687,De Stijlwijzer ,Kasteelstraat 1,Heijen,6598 BH,NL,wouter@destijlwijzer.nl,+31 6 13 32 01 91,http://www.meatboutique.nl
527,Erik Sterckx,Veldstraat 14,Geel,2440,BE,erik.sterckx@skynet.be,+32 497 58 73 27,http://www.eriksterckx.com/
679,Fire-Land.eu,Rue Basse Biez 60,Grez-Doiceau,1390,BE,info@fire-land.eu,+32 471 51 31 33,https://www.fire-land.eu/
882,François Charlier,Rue de la spaumerie 32A,Saint-Denis Bovesse,5081,BE,info@fcpaysagiste.be,+32 81 21 51 35,https://www.fcpaysagiste.be
34,Grillbar-BQ,Partenkirchenerstraße 11,Ohlstadt,82441,DE,service@grillbar-bq.de,+49 8841 487 58 68 ,http://www.grillbar-bq.de/
669,Grilldorado, Illesheimerstraße 13,Bad Windsheim,91438,DE,info@grill-dorado.de,+49 9841 68 90 47 80,https://grill-dorado.de/shop/search?sSearch=ofyr&p=1
37,Grillfeuer BBQ ,Industriestraße 10,Oyten,28876,DE,info@grillfeuer-bbq.de,+49 4207 987 89 83,http://www.grillfeuer-bbq.de
39,Grillsache,Sporgasse 10-12,Bretten,75015,DE,schoenleber@grillsache.de,+49 7252 557 93 09,http://www.grillsache.de
1026,Harlem BBQ,Oudeweg 101,Haarlem,2031 CC,NL,,+31 23 205 22 52,https://www.harlembbq.nl/
265,Het buiten atelier | Mannen met Smaak,Kuikenvlaas 2b,Milheeze,5763 PZ,NL,info@hetbuitenatelier.com,+31 6 15 03 70 08,https://www.hetbuitenatelier.com
52,Johs. von Ehren Garten GmbH & Co. KG,Maldfeldstraße 2,Hamburg,21077,DE,grant@garten-von-ehren.de,+49 40 75 11 58 90,http://www.garten-von-ehren.de
357,Julien Van Diest Nv,Grote Baan,Beersel,1650,BE,info@vandiest.be,+32 2 361 14 16,https://www.vandiest.be/
53,Kalieber GmbH,Dillen 2,Lastrup,49688,DE,stuetzpunkt@kalieber.de,+49 447 29 50 87 10,http://www.kalieber.de
69,Kochs. Küche BBQ Lifestyle,Grüner Weg 106,Aachen,52070 ,DE,kochs@moebel-kochs.de,+49 241 18 20 40,https://www.kuechen-kochs.de/
367,Koken met Jan,Wijnendale,Oudenaarde,9700,BE,info@kokenmetjan.be,+32 55 31 98 05,http://www.kokenmetjan.be
73,Nelles Gastronomie GmbH & Co.KG,Bürgermeister-Elbert-Straße 11,Eichenzell,36124,DE,info@catering-nelles.de,+49 6659 918 61 60,https://www.meingrillerlebnis.de/
644,OFYR Experience Centre Czech Republic,Nádražní 20,Roztoky u Prahy,,CZ,info@ofyr.cz,+420 602 410 657,https://www.eventselection.cz/ofyr-experience-centre-czech-republic/
342,PITT,Landegemstraat ,Nevele,9850,BE,info@pitt.be,+32 9 371 59 22,https://pitt.be/
289,Plein Sud,Rue de l'Escaille,Mignault,7070,BE,info@pleinsud.be,+32 473 65 13 48,http://www.pleinsud.be
89,Rübo-Gas Handelsgesellschaft mbH,Sommerdeich 41,Kleve,47533,DE,info@ruebo-gas.de,+49 2821 246 72,http://www.ruebo-gas.de
90,S-Kultur,Residenzstraße 2-6,Ansbach,91522,DE,info@skultur-ansbach.de,+49 981 972 34 24,http://www.skultur-ansbach.de
1029,Santos Grills GmbH,Hafenstraße 1-3,Köln,51063,DE,,+49 0221 63 07 22 20,https://www.santosgrills.de/
349,STOKE,Emiel Becquaertlaan 94A,Mol,2400,BE,guy@stoke.be,+32 484 99 05 85,https://www.stoke.be
824,Van Beem Buitenleven,IJweg 177,Zwanenburg,1161 EW,NL,info@vanbeem.nl,+31 20 497 46 62,http://www.vanbeem.nl
111,[steel]raum Grills und Lifestyle,Emil-Kemmer-Straße 12,Hallstadt,96103,DE,hofmann@steelraum.de,+49 951 70 03 99 00,http://www.steelraum.de
951,  Neptune Design Center GmbH,Schorfheidetreppen Kanalstrasse 1b,Finowfurt,16244 ,DE,,+49 3032 76 69 72,https://www.neptune.com
1138, Fleury De Bock NV,Gentsebaan 40, Sint-Niklaas,9100,BE,info@fleurydebock.be,+32 (0)3 776 23 15,https://fleurydebock.be/ 
1276, Horta Oudenaarde,Berchemweg 29,Oudenaarde,9700,BE, oudenaarde@horta.org, +32 55 31 44 60,https://horta.org/Tuin/Barbecue/Houtskoolbarbecues/?manufacturer=6c0edc37f0857f16a191369763104d33&order=horta&p=1
989, Rhodos,Rondweg 90,Wezep,8091 XK,NL,info@rhodos.nl,+31 525 63 16 18,https://www.rhodos-shop.nl/
1275, T&T Flowers en Gifts ,Brusselsesteenweg 393 ,Overijse ,3090 ,BE,schauwers.patrick@telenet.be,+32 ( 2)687 74 89 ,https://www.ttflowersandgifts.be
541,"""Die Einrichtung"" Gesellschaft m.b.H.",Pischeldorferstraße 90,Klagenfurt,A-9020,AT,office@die-einrichtung.at,+43 463 45 33 50,http://www.die-einrichtung.at
549,2 Chefs Ibiza,"Lugar venda de Safragell, 28",Ibiza,07812,ES,info@2chefsibiza.com,+34 634 85 21 19,http://2chefsibiza.com/outdoorexperience/
12,360° BBQ,Hanauer Landstraße 427,Frankfurt am Main,D-60314,DE,info@360bbq.de,+49 69 42 69 71 03,https://www.360bbq.de
528,4MFIRE,Hoge Buizen 57,Eppegem-Zemst,1980,BE,info@4m-fire.be ,+32 2 751 50 14,http://www.van-haesendonck.be
340,A Propos Sa,Denen ,Lochristi,9080,BE,info@a-propos.be,+32 9 326 02 59,http://www.a-propos.be
639,A-Plus Inc.,Kamiyamada,Ina-shi,396-0217,JP,hkomatsu@aplusinc.jp,+81 265 94 6121,http://aplusinc.jp
332,A.S. Design,Oberebenestrasse,Bremgarten,5620,CH,info@as-design.ch,+41 56 631 43 01,http://loungefire-grill.ch
1160,AB Oredssons Elektriska,Såggatan 3,Osby,28341,SE,bengt@oredssonsel.se,+46 479527900,https://www.oredssonsel.se
1256,ABC Kominki,Kaszubska 32,Słupsk,76-200,PL,kontakt@kominkiabc.pl,+48 517 707 509,https://www.kominkiabc.pl/
624,Absolut BBQ,"Carrer de la Mar Mediterrània, 21",Santa Ponça,07181,ES,santaponça@absoluthome.es,+34 971 87 85 81,http://www.absoluthome.es
620,Absolut Home,"Carretera san José, 25-D",San Jordi de ses salines,07817 ,ES,,+34 971 58 39 12,http://www.absoluthome.es/
522,Acoola Europe,Esquina Carril Picaza Y C/ Luxemburgo / Nave 30,"San Pedro de Alcantara, Málaga",29670,ES,,+34 951 56 96 55,https://www.acoola.eu
1053,Acti Małopolska,Wielogłowy 196,Wielogłowy,33-311,PL,,+48 732 910 690,https://acti.pl/
1052,Acti Śląsk,Wojska Polskiego 78C,Świętochłowice,41-600,PL,,+48 732 910 680,https://acti.pl/
1262,AEJ Srl,Rue Blanche Maison 65,Fontaine l'Evêque,,BE,thibault.pierard@parcsetjardins.be,+32 (0)4 85 75 74 91,https://mobilier-exterieur.be/
783,AGRICOLA HOME & GARDEN,Via Pisna 1,Varese,21100,IT,supporto@agricolashop.it,+39 0332 32 50 96,
785,AGROJARDIN GARDEN CENTRE,"Crta Nac 340, Km 164, salida Parque Antena",Málaga,29680 ,ES,,+34 952 79 62 31,http://www.agrojardin.com
492,Ala 30,"Carretera N332, km 107","San Javier, Murcia", ,ES,,+34 968 19 00 55,https://www.ala30.com/
791,Alaire Cabrera de Mar,"C/ Les Corts, 7","Cabrera de Mar, Barcelona",08349,ES,,+34 937 56 61 25,https://barbacoasbarcelona.com
869,ALAIRE CASCAIS,"Rua do Cruzeiro 27,  Linhó",Sintra,2710-306,PT,Ilan.feld@alaire.pt ,+351 214 846 092 ,https://alaire.pt/
881,ALAIRE COMPORTA,Rua do Secador,Comporta,7580-648,PT,comporta@alaire.pt,+351 265 098 681,https://alaire.pt/
1016,All Smoke BBQ ,Zwettestraat 13,Leeuwarden,8912 AH ,NL,,+31 6 42 13 15 22,https://allsmokebbq.nl/
1019,Allemann Ambiente,Oberdorfstrasse 66,Herisau,9100,CH,,+41 78 714 45 79,https://www.allemann-ambiente.ch
992,Alutech Bohemia s.r.o.,Sehradice 217,Sehradice,76323,CZ,,+420 601 593 937,https://www.alutechbohemia.cz/venkovni-ohniste-ofyr/
13,Andreas Büttel Gartengestaltung,Rheinbacher Str. 124,Grafschaft,53501,DE,info@gartenbuettel.de,+49 2641 91 48 25,http://www.gartenbuettel.de
874,Apfelboeck,Oberer Markt 18-22,Eging a.See,94535 ,DE,jonas@apfelboeck-eging.de,+49 8544 911 70,https://www.apfelboeck-eging.de
835,API Baseny,ul. Warszawska 30,Otrębusy,05-805,PL,baseny1@wp.pl,+48 609 441 982,https://www.apibaseny.pl/
894,API WARSCHAU,ul. Warszawska 30,Otrębusy,05-805 ,PL,info@api-baseny.com.pl,+48 227 589 521,
895,API WROCŁAW,ul. Wrocławska 44,Byków,55-095 ,PL,bykow@api-baseny.com.pl,0048 713 851 191,
878,Apotheloz Cheminées SA,Route de Chancy 135,Onex,1213 ,CH,info@apotheloz.ch,+41 22 792 20 10,https://www.apotheloz.ch
619,Arcadia,Shuwaikh? Life Center,Kuwait City, ,KW,,+965 2482 7071,http://www.arcadia-kw.com
296,Archipel,Avenue Fattouma Bourguiba,La Soukra ,13-2036,TN,e.adel@archipel.tn,+216 20 166 323,http://archipel.tn
1270,Archipel  ,8100 Bd Cousineau,Saint-Hubert,J3Z 0G8,CA,bonjour@archipel-mv.com,,https://www.archipel-mv.com
1157,Arkema Tuinhoutcentrum,Blokstad 1,Appingedam,9902TL,NL,info@arkema.nl,+31 (0)596 62 73 03,https://www.arkema-tuinhoutcentrum.nl
14,Atelier Bertram,Charlottenstraße 93,Potsdam,14467,DE,info@atelier-bertram.de,+49 331 748 22 58,http://www.atelier-bertram.de
15,Aumann Garten und Wohnen GmbH,Werner Baumbach Straße 39,Cloppenburg/Staatsforsten,49661,DE,floristik@aumann-gartenundwohnen.de,+49 4474 94 75 22,http://www.aumann-gartenundwohnen.de
1148,Awnings of Ireland,Unit 2,Sandyford,D18 R3K2,IE,hello@awningsofireland.com,+353 (0)1652 3014,https://www.awningsofireland.com/
974,AZIENDA FLORICOLA DONETTI DI STEFANO DONETTI,VIA MARTIRI 151,ROMAGNANO SESIA,28078,IT,,+39 0163 83 33 20,https://www.donetti.it/it/home
16,B+K Kamin-+Wohnstudio GmbH,Merkurstraße 7,Kaiserslautern,67663,DE,info@kaminbaustudio.de,+49 631 915 91,http://www.kaminbaustudio.de
808,Bake Away – On Fire,tongersesteenweg 150,St Truiden ,3800,BE,luc@hetveilinghuis.be,+32 495 23 55 93,https://www.bakeaway-onfire.be
245,Barbecueplein,olen 9,Breugel,5694 TP,NL,info@barbecueplein.nl,+31 499 47 15 68,http://www.barbecueplein.nl
790,Barcelona Barbacoa,"Calle de Aragón, 315",Barcelona,08009,ES,,+34 934 61 68 42,https://barbacoasbarcelona.com
888,BBQ Buitenkeuken Shop ,De Nieuwe Vaart 46a,Bussum,1401GS,NL,,+33 6 21 57 10 62,https://www.bbqbuitenkeukenshop.nl
1152,BBQ Centrum Brabant,De Run 8237,Veldhoven,5504EM,NL,info@bbqcentrumbrabant.nl,+31 (0)40 843 67 79,https://www.bbqcentrumbrabant.nl/
744,BBQ Girl,Bystrá 761/10,Praha 20 - Horní Počernice,19300 ,CZ,, +420 601 392 419,http://www.bbqgirl.cz
1032,BBQ Outside ,Edisonweg 17,Purmerend,1446 TM,NL,,+31 299 23 60 10,https://www.bbqoutside.nl
817,BBQ Shop Limburg,Breinderveldweg 1,Schinnen,6365 CM,NL,info@bbqshoplimburg.nl,+31 6 48 33 92 73,http://www.bbqshoplimburg.nl
225,BBQ Specialist,Steenpad 21A,Willemstad,4797SG ,NL,info@bbqspecialist.nl,+31 168 85 11 88,http://www.bbqspecialist.nl
811,BBQ Trainee,Hofweg 6,Spijkenisse,3208 LE,NL,info@bbqtrainee.nl,+31 181 78 57 20,http://www.bbqtrainee.nl
1150,BBQ Trainee,Hofweg 6,Spijkenisse,3208LE,NL,info@bbqtrainee.nl,0181785720,https://www.bbqtrainee.nl
1201,BBQENHOUT.NL,Helmhout,Drachten,9206 AZ,NL,info@bbqenhout.nl,+31 (0)6 22 69 10 76,https://www.bbqenhout.nl
837,BBQing,Voltastraat 4,Dordrecht,3316 AW,NL,bbqing68@gmail.com,+31 6 30 36 54 13,http://www.bbqing.nl
1263,Beachcomber Home Leisure,2457 BC-97,Kelowna,V1x4j2,CA,info@bhleisure.com,+1 250 763 8847,https://www.bhleisure.com
1264,Beachcomber Home Leisure,5309 26th st,Vernon,V1t7g4,CA,info@bhleisure.com,+1 250 542 3399,https://www.bhleisure.com
222,Beef Exclusief,Coenecoop 2B - 1,Waddinxveen,2741 PG,NL,info@beefexclusief.nl,+31 182 75 91 11,https://www.beefexclusief.nl/
19,Benz Ofenbau,Auf der Scherersmatt 7,Ohlsbach,77797,DE,info@benz-ofenbau.de,+49 7803 39 00,http://www.benz-ofenbau.de
928,BERTONI CAMPEGGIO SPORT SRL,"VIALE FULVIO TESTI, 140",CINISELLO BALSAMO (MI),20092 ,IT,,+39 02 240 63 07,https://www.bertonistore.it  
859,Betschart Grill & Lifestyle - Süess Haushaltapparate AG,Kastanienbaumstrasse 74,Horw,6048,CH,info@grill-lifestyle.ch,+41 41 390 00 22,https://www.facebook.com/betschartgrillundlifestyle/
574,Big Green Egg Head,Schanzackerstrasse 20,Zürich,8006,CH,duri@biggreenegghead.ch,+41 44 521 60 40,https://www.biggreenegghead.ch
1038,Big Green Egg HEAD Locarno,Via Campagna 21,Riazzino,6595,CH,,+41 91 752 36 93,https://www.biggreenegghead.ch
1037,Big Green HEAD Bern,Oberfeldstrasse 61,Boll,3067,CH,,+41 78 909 32 72,https://www.biggreenegghead.ch
603,BIOCASA PASQUALETTI,Via XX Settembre n. 76/A,Cardano al Campo VA,21010,IT,info@biocasapasqualetti.it,+39 0331 73 12 98,http://www.biocasapasqualetti.it
1199,BLUE AIR SRLS,"Via Simplicio, 29",Conversano,70014,IT,info@blueairsrls.it,+39 (0)80 850 9093,https://www.blueairsrls.it/
999,BLUMENMARKT DIETRICH,Neuenburgstrasse 79,Gampelen,3236,CH,,+41 32 313 13 06,https://www.blumenmarkt.ch
617,BM Barbecue Shop,"Calle Rafael Antón Peréz, LOCAL 20","Torrevieja, Alicante",03184,ES,,+44 7830 31 08 48,https://www.bm-bbq.es/
1169,BM Betong & Marmor AB,Mossvägen 17,Arlöv,23237,SE,Carsten@betongomarmor.se,+46 040460710,https://www.betongomarmor.se
735,Bock uf Grill,Kantonsstrasse 70,Zizers,7205,CH,info@bockufgrill.ch,+41 79 611 41 44,http://www.bockufgrill.ch
526,BOE,"18, Seolleung-ro 145-gil, Gangnam-gu",Seoul,  ,KR,,+82 2 517 63 26,http://www.bo-e.co.kr
1066,BOONEN,Koningin Astridlaan 6,Kontich,2550,BE,jeroen@boonenzonwering.be,+32 3 230 19 55,https://www.boonenzonwering.be/
876,Borovka Event s.r.o.,Riegrova 51,České Budějovice,370 01 ,CZ,info@borovkarental.cz,+420 604 727 732,https://www.borovkashop.cz/ofyr/
610,BOWI Garten + Freizeit AG,Ettiswilerstrasse 36,Willisau,6130,CH,,+41 41 970 37 77,https://bowi.ch/
986,BRACK.CH AG,Hintermättlistrasse 3,Mägenwil,5506,CH,,+41 62 889 80 80,https://www.brack.ch
201,Brave International,J.F. Vlekkeweg 12,Tilburg,5026 RJ,NL,info@braveinternational.nl,+31 13 545 19 66,http://www.braveinternational.nl
875,Bresserhof GmbH,Büttgenerstr. 50,Willich,47877 ,DE,info@bresserhof.de,+49 2154  95 57 30,
923,BROCANELLI S.R.L.,VIA CAFFARELLI N°1,SERRA DE CONTI (AN) ,60030 ,IT,,+39 0731 87 94 14,https://www.brocanelli.com
919,Brorson ApS,Bystævnet 2A,Tjele,8830 ,DK,,+45 23 24 09 03,https://www.bybrorson.dk
270,Bryn Gartneri,Økriveien 2,Rykkin,1349,NO,post@bryngartneri.no,+47 67 13 32 19,http://bryngartneri.no/
641,BuFraKo,Leerlooierij 11,Steenbergen,4651 SM,NL,,+31 167 50 01 73,https://www.ofyr.nl
743,Bulthaup,Boulevard de la Sauvenière 139,Liège,4000,BE,info@espaceneuf.be,+32 42 22 41 22,http://www.espaceneuf.be
1124,BUMPP Sàrl | C/o Suter Viandes SA,Pre-du-Bruit 3,Villeneuve,1844,CH,,+41 79 936 79 12,
1156,Burnout Dock - DT GmbH,Gewerbepark 9-11,Bissendorf,49143,DE,info@burnout-dock.de,+4954024024910,https://burnout-dock.de/
273,ByOhDeer,Eikeneset 48,Hjellestad,5259,NO,hello@ohdeer.no,+47 45 25 88 85,https://www.byohdeer.no
936,CAGIS S.R.L. ,S.S. 45 km 131 LOC. ,SETTIMA DI GOSSOLENGO (PC),29020 ,IT,,+39 0523 55 72 25,https://www.cagis.it
748,Calore Estetico - Pöhl Andreas & CO,Handwerkerzone 42 zona artigianale,Collalbo,39054,IT,info@calore-estetico.com,+39 0471 35 81 58,http://www.calore-estetico.com
1220,Canarias Alaire s.l.u,Calle Los Cactus 14,Agüimes,35118,ES,info@marccampabadal.com,+34 659988922,https://www.marccampabadal.com
984,CAPITAL VISION LTD,Boulevard Tsarigradsko shose 425,Sofia,1137,BG,sales@outdoorcooking.bg,+359 882 670 050,https://www.outdoorcooking.bg
855,"Carlos & Costa Gomes, Lda",Estrada do Lameirão 65,Coimbra,3020-832 ,PT,,+351 239 911 888,https://carlosecostagomes.wixsite.com/home/ofyr
508,Carmetum,Diestersteenweg 249,Kermt Hasselt,3510,BE,,+32 11 25 46 55,
509,Carmetum,Rijksweg 376,Maasmechelen,3630,BE,,+32 89 23 78 37,
554,Casa Cucina,Adam-Friedrich-Molz-Gasse 10,Biel,2502,CH,info@casacucina.ch,+41 32 322 88 48,http://www.casacucina.ch
852,CATEGORY a.s.,Vídeňská 125,Brno ,619 00,CZ,info@fajruj.cz,+420 773 798 573 ,https://www.fajruj.cz
421,Cemaes SPRL,Place des Jardins de Baseilles,Erpent,5101,BE,cemaes@live.be,+32 81 43 54 34,http://www.cemaes.be/
1045,Cendo BBQ-Store,Kastellstr. 10,Esslingen,73734,DE,,+49 711 341 69 71 21,https://www.cendo.de
535,Centro Casalinghi dal Toscano,Strada Romana N. 48,"Cerese, MN",46034,IT,,+39 0376 44 82 76,https://www.daltoscano.com/
1126,CERAMICHE SPINA,Cnt Miccisi SNC,SAN LUCIDO,87038,IT,info@ceramichespina.com,+39 (0)982 82533,https://www.ceramichespina.it/
730,César Cheminées SA,Grand-Rue 37,Cugy,1482,CH,cesar@fumiste.ch,+41 79 452 46 33,http://www.fumiste.ch
301,Chart Farm,Seal Chart,Sevenoaks,TN15 0ES,GB,enquiries@chartfarm.com,+44 1732 761672,https://www.chartfarm.com
20,Chiemsee Öfen GbR,Rosenheimer Straße 32,Raubling,83064,DE,info@chiemsee-oefen.de,+49 8035 90 72 60,http://www.chiemsee-oefen.de
622,Chimeneas Roman,"Av. dels Pirineus, Nº 24","Puigcerdà, Girona",17520,ES,,+34 972 88 35 01,https://www.chimeneasroman.es/
540,Chuchilade Wagmann GmbH ,Hauptgasse 62,Solothurn,4500,CH,info@chuchilade.ch ,+41 32 622 63 64,http://www.hautecuisine.ch
546,Cieffe Arredamenti,Via B. Ciurini 46,Castelfiorentino FI,50051,IT,info@cieffearredamenti.it,+39 0571 640 69,http://cieffearredamenti.it/
1090,CIPRIANI ANTONIO SRL ,"VIA VARESINA, 267",COMO,22100,IT,info@cipgarden.it,+39 31 50 54 96,https://www.cipgarden.it/chi-siamo/
223,Claassen Buitenbeleving Angeren,Zeegsepad 4,Angeren,6687 LD,NL,info@claassenbuitenbeleving.nl,+31 6 51 96 09 89,https://www.claassenbuitenbeleving.nl
1091,CLIMATEC ,"LOCALITà PONT SUAZ, 88",CHARVENSOD,11020,IT,info@climatecassistenzasnc.com,+39 165 25 11 64,https://www.climatecassistenzasnc.com/
488,Cloveris s.c.,P?dzewo 59,Z?awie? Wielka,87-134,PL,shop@cloveris.pl,+48 600 042 853,https://cloveris.pl
689,CM Arreda SA,Via San Gottardo 135,Savosa,6942,CH,info@cucinamoderna.ch,+41 91 966 31 44,http://www.cucinamoderna.ch
383,Coba AB,Trafikcenter Saeby Syd 5,Saeby,9300,DK,,+45 87 91 00 40, 
582,Cocoq Ibiza,Crta. Ibiza – Sta Eulalia km 6.2,Sta Eulalia,07819,ES,,+34 971 09 01 86,http://www.cocoqibiza.com
1092,COIN ,"PIAZZA CINQUE GIORNATE, 1/A ",MILANO ,20129,IT,,+39 2 55 19 20 83,https://www.coin.it/it-it/
297,Colne Stoves Ltd,Halstead Rd,Essex,CO6 2NL,GB,info@colnestoves.com,+44 1787 222608,http://www.colnestoves.com
629,Comercial Muntané Canarias S.L.,Calle Juan Manuel Duran 15,Las Palmas de Gran Canaria ,35007 ,ES,info@comercialmuntane.com,+34 928 27 55 99,http://www.comercialmuntane.com/
1115,Cooks & Company,Cook House,Newark,NG24 2FB,GB,,,
276,Cordon-Bleu,Vasagatan 48,Stockholm,111 20,SE,hk@cordon-bleu.se,+46 8 411 00 81,http://www.cordon-bleu.se/
291,Cottyn Kieffer ,rue de l'Industrie,Foetz,3895,LU,js.koch@cottyn-kieffer.lu,+352 44 02 50 ,http://cottyn-kieffer.lu
1110,Culifex,Celsiusstraat 18-10,Harderwijk,3846 BK,NL,,+31 (0)6 5193 4193,http://www.culifex.com
799,D Max Zwembaden,Jaak Lemmenslaan 44  ,Zoerle-Parwijs,2260,BE,,+32 495 79 08 92,https://www.kookbuiten.be/
823,Daamen Party Design,St. Antoniusstraat 10,Baexem,6095 AK,NL,info@daamenpartydesign.nl,+31 6 53 96 43 91,http://www.daamenpartydesign.nl 
995,DAIN,"19, Seogun-ro, Bundang-gu, Seongnam-si",Gyeonggi-do,13545,KR,,+82 7 074 05 85 80,http://daindms.com
21,"Das Grillfachgeschäft, Unterberg&Schmiedel GmbH",Wiesenstraße 51 (Halle 25),Düsseldorf,40549,DE,info@das-grillfachgeschaeft.de,+49 211 56 94 75 46,http://www.das-grillfachgeschaeft.de
22,Das Heimkontor GmbH,Händelstraße 15,Bocholt,46395,DE,max@dasheimkontor.de,+49 2871 236 85 44,https://www.dasheimkontor.de
24,das lagerhaus,Heidelbergerstr. 29,Viernheim,68519,DE,info@daslagerhaus.de,+49 6204 92 92 20,http://www.daslagerhaus.de
1024,De Biezen tuincentrum,Biezenweg 2a ,Beek en Donk,5741 SB ,NL,,+31 492 46 13 10 ,https://biezen.nl
238,De Kachelsmid,In de Cramer 19,Heerlen,6411 RS,NL,dekachelsmid@gmail.com,+31 43 459 16 38,https://dekachelsmid.nl/
235,De Kleinste Zaligheid,Zwartakkers 7,Bladel,5531 PB ,NL,info@dekleinstezaligheid.nl,+31 6 23 67 99 20,http://www.dekleinstezaligheid.nl
343,De Laet-Van Haver Bvba,Kapelstraat ,Hove,2540,BE,INFO@DELAET-VANHAVER.COM,+32 3 455 26 74,http://www.butchersstorehove.be/nl/
1043,De Overhaag,Sint Elisabethstraat 35,Grave,5361 HJ ,NL,,+31 6 21 89 64 19,https://www.overhaag.nl/
1017,De Potterie BV,Nieuwstraat 21,Sluis,4524 EB ,NL,,+31 117 46 24 61,https://www.depotterie.nl/
1009,De Ridder BBQ & Bites,Troosterhof 17,Utrecht,3571 NC ,NL,,+31 307 43 80 74,https://cateringderidder.nl/
812,De Smid Lifestyle,Lietingstraat 23,Haren,5368 AA,NL,jdelang@smidlifestyle.nl,+31 412 46 26 51 ,http://www.smidlifestyle.nl
1197,De Warande Lovenjoel,Tiensesteenweg 261,Bierbeek,3360,BE,,+32 16 46 30 31,https://www.dewarande.eu/
1198,De Warande Sint-Truiden,Luikersteenweg 373,Sint-Truiden,3800 ,BE,,+32 11 88 68 66,https://www.dewarande.eu/
595,Decomundo,Liersesteenweg 7B,Heist-op-den-Berg,2221,BE,,+32 15 22 01 23,http://www.decomundo.be
838,Decotuin,Oostendelaan 268,Middelkerke,8430,BE,,+32 59 30 61 29,http://www.decotuin.be
931,Delano Wonen en Tuin,A. Van Diemenstraat 12,Culemborg,4104 AE,NL,info@delanowonenentuin.eu,+33 345 259 201,
631,Delcò Mobili SA,Via Gorelle 1,Sant'Antonino,6592,CH,,+41 91 224 27 27,
550,Demingo,"Av. Galicia, 88",Ponferrada,24404,ES,,+34 987 11 17 87,http://www.demingo.es
551,Demingo,"Av. Párroco Pablo Diez, 460c",León,24010,ES,,+34 987 11 17 87,http://www.demingo.es
632,Descanshop,Crta San Antonio km 2,Ibiza,07800 ,ES,,+34 971 19 39 39,
1020,Design Gril,Komunardů 28,Praha 7,170 00,CZ,,+420 733 521 631,https://www.designgril.cz
396,Desomerplancke,Europalaan,Poperinge,8970,BE,Info@desomerplancke.be,+32 57 33 30 04,http://desomerplancke.be/
1280,Dfire,Boulevard du souverain 159,Brussels,1160,BE,,,https://www.dfire.be/ofyr
818,DG3 Gastronoma,"Autovia A3 - Salida 338,  Polígono Industrial Poyo de Reva, Calle Sector 12",Valencia,46394,ES,info@dg3gastronoma.com,+34 961 51 58 24 ,https://www.dg3gastronoma.com
346,Dhondt Brugge,Torhoutse Steenweg,Brugge,8200,BE,brugge@dhondt.be,+32 50 40 00 10,https://www.dhondt.be/
451,Dhondt Latem,Kortrijksesteenweg ,St-Martens-Latem,9830,BE,latem@dhondt.be,+32 9 280 01 91,https://www.dhondt.be/
450,Dhondt Roeselare,De Munt,Roeselare,8800,BE,roeselare@dhondt.be,+32 51 22 76 92,https://www.dhondt.be/
1194,DIAMOND DESIGN s.r.o.,Heršpická 1029/11e,Brno,639 00,CZ,,+420 776 048 467,https://www.diamonddesign.eu
616,DICO Solucions Industrials,"c/ dels Tornells, 9  POL. IND Casanova de Baix",Ripoll,17500,ES,,+34 972 71 57 53,http://www.dicoindustrial.com
1055,Die BBQ-Insel,Ober-Rodener-Strasse 16,Rödermark,63322,DE,info@bbqinsel.de,+49 6074 49 23 49,https://www.bbqinsel.de
1161,Diléns Örnsköldsvik,Framnäsgatan 1,Örnsköldsvik,89139,SE,ovik@dilens.se,+46 730239644,https://www.dilens.se
275,Diléns Saluhall,Ludvigsbergsvägen 16,Valbo,81831,SE,info@dilens.se,+46 26 13 03 35,http://www.dilens.se/
1211,DIPENDE SRLS,"Via dell'Artigianato, 39",Deruta,06053,IT,export3@domiziani.com,,
854,Dirksmit Chimeneas,"Ptda El, Planet, 169,",Altea,03590 ,ES,info@dirksmit.com ,+34 965 84 30 09 / +34 680 96 52 68 ,https://www.dirksmit.com
1269,District BBQ,960 Bégin Ville,Saint-Laurent,H4M 2N5,CA,info@districtbbq.ca,,https://districtbbq.ca
1007,Doe-het-zelf Safti,Massemsesteenweg 60,Wetteren,9230,BE,info@dhzsafti.be,+32 9 369 23 96,https://www.dhzsafti.be
347,Dossche Bart / B-Lazy,Rijshoutstraat,Wondelgem,9032,BE,info@b-lazy.com,+32 473 49 49 90,http://www.b-lazy.com/
1001,Draußzeit GmbH,Heerdt 81,Mönchengladbach,41179,DE,info@drausszeit.de,+49 2 16 16 36 64 83,https://www.drausszeit.de
348,Dupont,Pluim 5,Zwevegem,8550,BE,info@dupont.be,+32 56 20 32 09,https://dupont.be/
1046,EBERL GmbH & CO KG | HOLZ-GLAS-TECHNIK,Schloßstraße 22,Neustadt/Do-Irnsing,93333,DE,,+49 9445 954 30,https://www.wintergarten-eberl.de/
865,eclectic.pl,ul. Warszawska 21F,Konstancin Jeziorna,05-520 ,PL,j.zambrowicz@eclectic.pl,+48 504 528 288,https://www.eclectic.pl
734,Eco-Flamme Sàrl,En Palud 9,Gumefens,1643,CH,info@eco-flamme.ch,+41 26 912 19 86,http://www.eco-flamme.ch
507,Econatura World,"Nueva Condomina, A-7, km 760","Churra, Murcia",30110,ES,,+34 673 34 73 78,http://www.econaturaworld.com
939,EDIL PIEMME SRL,"VIA ARDENTINA, 112",ROMA (RM),00179 ,IT,,+39 06 29 04 20,https://www.epmroma.it
1284,EDILNOL SPA,"Via delle Fabbriche Nuove, 17",Vigliano Biellese,13856,IT,drigo.giulia@edilnol.it,+39 (0)1 58 12 99 00,https://www.edilnol.it/
1154,EGLI Ofenbau & Plattenbeläge ,Kantonsstrasse 38,Seewis-Schmitten,7212 ,CH,info@egli.work,,https://www.egli.work 
26,Eisen Marx GmbH,Kreisstraße 136,Saarbrücken-Klarenthal,66128,DE,info@eisen-marx.de,+49 689 83 24 45,http://www.eisen-marx.de
1170,Elmanbutiken Köping,Hantverkaregatan 1,Köping,73150,SE,koping@elon.se,+46 022121384,https://www.elon.se
1080,Elon Barkarby,Herrestavägen 23,Järfälla,177 38,SE,Barkarby@Elon.Se,+46 8 612 41 61,https://www.elon.se/
1077,Elon Elman Västerås,"Kranbyggargantan 5, Hälla",Västerås,721 34,SE,Vasteras.Elman@Elon.Se,+46 21 18 01 47,https://www.elon.se/
1078,Elon Kökscentrum Halmstad,Verkstadsgatan 6 ,Halmstad,302 62 ,SE,Halmstad.Kokscentrum@Elon.Se,+46 35 12 58 00,https://www.elon.se/
1076,Elon KOM köpcentrum,Bollstanäsvägen 1,Sollentuna,192 78,SE,,+46 8 754 42 80,https://elonbutikerna.se/ofyr/
1079,Elon Sickla Köpkvarter,Simbagatan 21 ,Nacka,131 54 ,SE,Sthlm.Sickla@Elon.Se,+46 8 641 95 70,https://www.elon.se/
1162,Elon Strängnäs,Solberga Handelsväg 21,Strängnäs,64547,SE,strangnas@elon.se,+46707490788,https://www.elon.se
1171,Elon Växjö,Smedjegatan 2,Växjö,352 46,SE,Vaxjo@Elon.Se,,https://www.elon.se/butiker/vaxjo
1057,Elsner suntec GmbH,Gerberstr. 3 1/2 ,Manching,85077,DE,info@elsner-suntec.de,+49 8459 33 36 30,https://www.elsner-suntec.de
292,Emil Antony Sarl,Z.I. Fausermillen,Mertert,6689,LU,claudia@emil-antony.lu,+352 74 82 45,http://emil-antony.lu
283,EOS,Chemin de la Maison du Roi 32C,Plancenoit,1380,BE,pgalere@eoshop.be,+32 485 68 83 43,https://eoshop.be
857,Erica Flowers & Happy Things,Brusselsesteenweg 605,Ninove,9402,BE,info@bloemenerica.be,+32 54 33 22 01,https://www.ericabloemen.be
588,Erre Top Wellness/r-Sense,Via Gallipoli 58 ang. Via formoso 1,Nardò LE,73048,IT,info@erretopwellness.it,+39 0833 83 60 94,https://www.erretopwellness.it
434,Ertrijckx Tuincentrum,Roosevelt 11A,Landen,3400,BE,,+32 11 83 21 28,http://www.ertrijckx.be
1005,ESTUFAS DE EUROPA S.L.,Calle Oslo 28,Las Rozas de Madrid,28232,ES,,+34 916 37 37 64,https://www.grupocalor.es
820,EUROHITY,Cyrilometodějská 1003,Valašské Klobouky,766 01,CZ,klobouky@eurohity.cz,+420 603 275 007,https://www.eurohity.cz/ofyr/
395,Europoint,Gentseweg,Waregem,8793,BE,info@europoint.be,+32 56 60 86 89,https://www.europoint.be/module/dtcelasticsearch/elasticsearch?id_elasticsearch=1&search=ofyr
990,EuroWellness s.r.o.,Poličská 1573,Hlinsko,53901,CZ,,+420 604 103 684,https://www.spa-virivky.cz
834,EV,ul. Kościuszki 3,Krotoszyn, 63-700,PL,evkominki@wp.pl,+48 503 023 393,https://evkominki.pl/oferta/ogien-w-ogrodzie/
350,Exclusieve Haarden Daniels Bvba,Gruitroderkiezel,Bree,3960,BE,info@danielskachels.be,+32 89 46 12 79,http://www.danielskachels.be/
1044,F. S. KUSTERMANN GmbH | Weber Store München ,Viktualienmarkt 8 ,München,80331,DE,,+49 089 23 72 52 80,https://www.kustermann.de
1103,Fancy Cooking,Coosje Buskenstraat 174,Vlissingen,4381 LJ ,NL,,,https://fancycooking.nl/
284,Faune & Flore,Rue de Dinant 11,Nandrin,4550,BE,info@fauneetflore.be,+32 85 51 23 14  ,https://fauneetflore.be
1210,FAVILLE DI MATTEO ANTONUCCIO,"Via Marsala, 1/7",Siracusa,96100,IT,info@faville.eu,,https://www.faville.eu/
1186,Feier a Flam,"16, rue d'Arlon",Windhof,8399,LU,info@feier-a-flam.lu,+352 27 56 79 67,https://www.feier-a-flam.lu
1204,Fine Design AS,Løxaveien 5,Rud,1351,NO,info@finedesign.no,+47 906 08 037,https://finedesign.no/
1018,Fine Design Hagemøbler,Ramstadsletta 28,Høvik,1363,NO,,+47 90 60 80 37,https://www.finedesign.no
1145,Flame & Comfort,318 Logan Avenue,Winnipeg,R3A 0P5,CA,,1(800)563-5493,http://www.flameandcomfort.ca 
858,Fleury De Bock - De Bock Interieurarchitecten,Gentsebaan 40,Sint-Niklaas,9100,BE,eva@fleurydebock.be,+32 3 776 23 15,https://www.fleurydebock.be
1271,Floralies Jouvence,2020 Av. Jules-Verne,Québec,G2G 2R2,CA,,+1 418-872-0869,https://www.floraliesjouvence.ca/
716,Foc & roc BY Garrido S.L.,"Ctra. Parets a Bigues, 13",Lliçà d’Amunt,08186,ES,garrido@focandroc.com,+34 938 41 49 53,http://www.focandroc.com
1290,Fogola Casalinghi,VIA DALMAZIA N. 2,LAVENO MOMBELLO,21014,IT,mail@fogolacasalinghi.it,+39 (0)3 32 66 81 53,https://www.fogolacasalinghi.it
212,Fonteyn Outdoor Living Mall,Meervelderweg 52,Uddel,3888 NK,NL,info@fonteyn.nl,+31 577 45 60 40,Http://www.fonteyn.nl
1013,Fora Outdoor Ancaster,591 Fiddlers Green Road,Ancaster,L9G 3L1,CA,,+1 905 648 2200,https://www.foraoutdoor.com
1014,Fora Outdoor Norwich,74 Stover St S,Norwich,N0J 1P0,CA,,+1 519 468 2100,https://www.foraoutdoor.com
926,FOREDIL SRL,VIALE GUGLIELMO OBERDAN N°59,FOSSOMBRONE (PU) ,61034 ,IT,,+39 0721 71 44 46,https://www.foredilpavimenti.it
796,Forget Flammes Sarl,114 route cotière,Casablanca,20600,MA,contact@forget-flammes.com,+212 522 35 02 76,http://www.forget-flammes.com/contact/
891,Francesconi Di Francescibu Enrico,Via Arnaldo Accardi 2,Meldola,47014,IT,,+39 543 490 684,https://www.francesconi78.it
715,Francine Guex Décoration,Rue du Centre 18,Pully,1009,CH,contact@swissdecor.ch,+41 21 728 57 38,http://www.swissdecor.ch
633,Frangos,28km OLD NATIONAL road ATHENS - LAMIA,,,GR,info@frangos.com.gr,+30 22 9502 3922,https://www.frangos.com.gr/
634,Frangos,Kifisias Avenue 155,Marousi,,GR,info@frangos.com.gr,+30 21 0614 7000,https://www.frangos.com.gr/
635,Frangos,Eth. Antistaseos 129,Ag.Dimitrios,,GR,info@frangos.com.gr,+30 21 0970 3906,https://www.frangos.com.gr/
636,Frangos,Mesogeion Avenue 176,Cholargos,,GR,info@frangos.com.gr,+30 21 0652 7500,https://www.frangos.com.gr/
28,Franz Müller GmbH,St. Vither Straße 70,Prüm/Niederprüm,54595,DE,info@franzmueller-pruem.de,+49 6551 954 00,http://www.franzmueller-pruem.de
757,FREI RAUM GARTEN GmbH & Co. KG,Hauptstraße 3,Bubenreuth,91088,DE, rumpler@freiraumgarten.de,+49 9131 923 20 25,http://www.freiraumgarten.de
1072,Frei.Raum.Möbel,Gabersdorf 60,Gabersdorf,8424,AT,info@freiraum-moebel.at,+43 3452 823 93,https://freiraum-moebel.at/
815,Fritempo,Avenida de Sequeira 64,Braga,4705-629,PT,geral@fritempo.pt,+351 253 691 938,http://www.fritempo.pt
625,Fronda ,Carretera de Boadilla del Monte Km. 2,Majadahonda ,28220 ,ES,majadahonda@fronda.com,+34 916 38 32 26,http://www.fronda.com
626,Fronda ,Carrer del General Riera 158,Palma de Mallorca ,07010 ,ES,palma@fronda.com,+34 971 20 58 16,http://www.fronda.com
494,Fuego Difusión,"Partida Madrigueres Sud, 64-B","Dénia, Alicante",03700,ES,,+34 966 42 33 30,http://fuegodifusion.es/
