date,price,type
2020-01-01,24.64,Europe (€ per tonne)
2020-01-02,24.39,Europe (€ per tonne)
2020-01-03,24.98,Europe (€ per tonne)
2020-01-04,24.98,Europe (€ per tonne)
2020-01-05,24.98,Europe (€ per tonne)
2020-01-06,24.23,Europe (€ per tonne)
2020-01-07,24.55,Europe (€ per tonne)
2020-01-08,24.08,Europe (€ per tonne)
2020-01-09,24.67,Europe (€ per tonne)
2020-01-10,24.21,Europe (€ per tonne)
2020-01-11,24.21,Europe (€ per tonne)
2020-01-12,24.21,Europe (€ per tonne)
2020-01-13,24.14,Europe (€ per tonne)
2020-01-14,23.84,Europe (€ per tonne)
2020-01-15,24.51,Europe (€ per tonne)
2020-01-16,24.85,Europe (€ per tonne)
2020-01-17,25.44,Europe (€ per tonne)
2020-01-18,25.44,Europe (€ per tonne)
2020-01-19,25.44,Europe (€ per tonne)
2020-01-20,25.17,Europe (€ per tonne)
2020-01-21,24.92,Europe (€ per tonne)
2020-01-22,25.01,Europe (€ per tonne)
2020-01-23,24.7,Europe (€ per tonne)
2020-01-24,24.38,Europe (€ per tonne)
2020-01-25,24.38,Europe (€ per tonne)
2020-01-26,24.38,Europe (€ per tonne)
2020-01-27,24.59,Europe (€ per tonne)
2020-01-28,24.65,Europe (€ per tonne)
2020-01-29,23.99,Europe (€ per tonne)
2020-01-30,23.74,Europe (€ per tonne)
2020-01-31,23.88,Europe (€ per tonne)
2020-02-01,23.88,Europe (€ per tonne)
2020-02-02,23.88,Europe (€ per tonne)
2020-02-03,23.21,Europe (€ per tonne)
2020-02-04,23.36,Europe (€ per tonne)
2020-02-05,23.77,Europe (€ per tonne)
2020-02-06,23.56,Europe (€ per tonne)
2020-02-07,23.32,Europe (€ per tonne)
2020-02-08,23.32,Europe (€ per tonne)
2020-02-09,23.32,Europe (€ per tonne)
2020-02-10,23.16,Europe (€ per tonne)
2020-02-11,23.3,Europe (€ per tonne)
2020-02-12,23.88,Europe (€ per tonne)
2020-02-13,24.4,Europe (€ per tonne)
2020-02-14,24.29,Europe (€ per tonne)
2020-02-15,24.29,Europe (€ per tonne)
2020-02-16,24.29,Europe (€ per tonne)
2020-02-17,25.05,Europe (€ per tonne)
2020-02-18,25.14,Europe (€ per tonne)
2020-02-19,25.71,Europe (€ per tonne)
2020-02-20,25.64,Europe (€ per tonne)
2020-02-21,25.61,Europe (€ per tonne)
2020-02-22,25.61,Europe (€ per tonne)
2020-02-23,25.61,Europe (€ per tonne)
2020-02-24,24.57,Europe (€ per tonne)
2020-02-25,24.18,Europe (€ per tonne)
2020-02-26,24.26,Europe (€ per tonne)
2020-02-27,23.6,Europe (€ per tonne)
2020-02-28,23.61,Europe (€ per tonne)
2020-02-29,23.61,Europe (€ per tonne)
2020-03-01,23.61,Europe (€ per tonne)
2020-03-02,23.52,Europe (€ per tonne)
2020-03-03,23.36,Europe (€ per tonne)
2020-03-04,23.83,Europe (€ per tonne)
2020-03-05,23.81,Europe (€ per tonne)
2020-03-06,23.42,Europe (€ per tonne)
2020-03-07,23.42,Europe (€ per tonne)
2020-03-08,23.42,Europe (€ per tonne)
2020-03-09,23.28,Europe (€ per tonne)
2020-03-10,24.1,Europe (€ per tonne)
2020-03-11,23.92,Europe (€ per tonne)
2020-03-12,22.52,Europe (€ per tonne)
2020-03-13,21.94,Europe (€ per tonne)
2020-03-14,21.94,Europe (€ per tonne)
2020-03-15,21.94,Europe (€ per tonne)
2020-03-16,19.47,Europe (€ per tonne)
2020-03-17,18.31,Europe (€ per tonne)
2020-03-18,15.3,Europe (€ per tonne)
2020-03-19,16.39,Europe (€ per tonne)
2020-03-20,16.11,Europe (€ per tonne)
2020-03-21,16.11,Europe (€ per tonne)
2020-03-22,16.11,Europe (€ per tonne)
2020-03-23,15.54,Europe (€ per tonne)
2020-03-24,16.78,Europe (€ per tonne)
2020-03-25,17.51,Europe (€ per tonne)
2020-03-26,17.35,Europe (€ per tonne)
2020-03-27,16.39,Europe (€ per tonne)
2020-03-28,16.39,Europe (€ per tonne)
2020-03-29,16.39,Europe (€ per tonne)
2020-03-30,17.06,Europe (€ per tonne)
2020-03-31,17.68,Europe (€ per tonne)
2020-04-01,17.08,Europe (€ per tonne)
2020-04-02,18.06,Europe (€ per tonne)
2020-04-03,17.96,Europe (€ per tonne)
2020-04-04,17.96,Europe (€ per tonne)
2020-04-05,17.96,Europe (€ per tonne)
2020-04-06,20.4,Europe (€ per tonne)
2020-04-07,20.51,Europe (€ per tonne)
2020-04-08,21.14,Europe (€ per tonne)
2020-04-09,21.08,Europe (€ per tonne)
2020-04-10,21.08,Europe (€ per tonne)
2020-04-11,21.08,Europe (€ per tonne)
2020-04-12,21.08,Europe (€ per tonne)
2020-04-13,21.08,Europe (€ per tonne)
2020-04-14,19.81,Europe (€ per tonne)
2020-04-15,19.25,Europe (€ per tonne)
2020-04-16,20.94,Europe (€ per tonne)
2020-04-17,21.7,Europe (€ per tonne)
2020-04-18,21.7,Europe (€ per tonne)
2020-04-19,21.7,Europe (€ per tonne)
2020-04-20,21.38,Europe (€ per tonne)
2020-04-21,19.85,Europe (€ per tonne)
2020-04-22,20.66,Europe (€ per tonne)
2020-04-23,21.03,Europe (€ per tonne)
2020-04-24,20.74,Europe (€ per tonne)
2020-04-25,20.74,Europe (€ per tonne)
2020-04-26,20.74,Europe (€ per tonne)
2020-04-27,20.28,Europe (€ per tonne)
2020-04-28,20.21,Europe (€ per tonne)
2020-04-29,20.19,Europe (€ per tonne)
2020-04-30,19.57,Europe (€ per tonne)
2020-05-01,18.97,Europe (€ per tonne)
2020-05-02,18.97,Europe (€ per tonne)
2020-05-03,18.97,Europe (€ per tonne)
2020-05-04,19.35,Europe (€ per tonne)
2020-05-05,19.09,Europe (€ per tonne)
2020-05-06,19.0,Europe (€ per tonne)
2020-05-07,19.54,Europe (€ per tonne)
2020-05-08,19.35,Europe (€ per tonne)
2020-05-09,19.35,Europe (€ per tonne)
2020-05-10,19.35,Europe (€ per tonne)
2020-05-11,19.07,Europe (€ per tonne)
2020-05-12,18.52,Europe (€ per tonne)
2020-05-13,18.67,Europe (€ per tonne)
2020-05-14,18.84,Europe (€ per tonne)
2020-05-15,19.17,Europe (€ per tonne)
2020-05-16,19.17,Europe (€ per tonne)
2020-05-17,19.17,Europe (€ per tonne)
2020-05-18,20.34,Europe (€ per tonne)
2020-05-19,19.97,Europe (€ per tonne)
2020-05-20,21.26,Europe (€ per tonne)
2020-05-21,21.18,Europe (€ per tonne)
2020-05-22,21.4,Europe (€ per tonne)
2020-05-23,21.4,Europe (€ per tonne)
2020-05-24,21.4,Europe (€ per tonne)
2020-05-25,21.59,Europe (€ per tonne)
2020-05-26,21.6,Europe (€ per tonne)
2020-05-27,21.33,Europe (€ per tonne)
2020-05-28,21.26,Europe (€ per tonne)
2020-05-29,21.4,Europe (€ per tonne)
2020-05-30,21.4,Europe (€ per tonne)
2020-05-31,21.4,Europe (€ per tonne)
2020-06-01,20.97,Europe (€ per tonne)
2020-06-02,22.07,Europe (€ per tonne)
2020-06-03,22.08,Europe (€ per tonne)
2020-06-04,22.21,Europe (€ per tonne)
2020-06-05,23.24,Europe (€ per tonne)
2020-06-06,23.24,Europe (€ per tonne)
2020-06-07,23.24,Europe (€ per tonne)
2020-06-08,22.71,Europe (€ per tonne)
2020-06-09,22.48,Europe (€ per tonne)
2020-06-10,22.91,Europe (€ per tonne)
2020-06-11,22.27,Europe (€ per tonne)
2020-06-12,22.0,Europe (€ per tonne)
2020-06-13,22.0,Europe (€ per tonne)
2020-06-14,22.0,Europe (€ per tonne)
2020-06-15,22.16,Europe (€ per tonne)
2020-06-16,22.78,Europe (€ per tonne)
2020-06-17,22.75,Europe (€ per tonne)
2020-06-18,24.47,Europe (€ per tonne)
2020-06-19,24.16,Europe (€ per tonne)
2020-06-20,24.16,Europe (€ per tonne)
2020-06-21,24.16,Europe (€ per tonne)
2020-06-22,24.53,Europe (€ per tonne)
2020-06-23,25.41,Europe (€ per tonne)
2020-06-24,25.4,Europe (€ per tonne)
2020-06-25,25.18,Europe (€ per tonne)
2020-06-26,24.73,Europe (€ per tonne)
2020-06-27,24.73,Europe (€ per tonne)
2020-06-28,24.73,Europe (€ per tonne)
2020-06-29,26.63,Europe (€ per tonne)
2020-06-30,26.97,Europe (€ per tonne)
2020-07-01,27.71,Europe (€ per tonne)
2020-07-02,27.37,Europe (€ per tonne)
2020-07-03,27.91,Europe (€ per tonne)
2020-07-04,27.91,Europe (€ per tonne)
2020-07-05,27.91,Europe (€ per tonne)
2020-07-06,29.7,Europe (€ per tonne)
2020-07-07,29.39,Europe (€ per tonne)
2020-07-08,29.32,Europe (€ per tonne)
2020-07-09,28.61,Europe (€ per tonne)
2020-07-10,29.02,Europe (€ per tonne)
2020-07-11,29.02,Europe (€ per tonne)
2020-07-12,29.02,Europe (€ per tonne)
2020-07-13,29.35,Europe (€ per tonne)
2020-07-14,29.64,Europe (€ per tonne)
2020-07-15,28.85,Europe (€ per tonne)
2020-07-16,26.61,Europe (€ per tonne)
2020-07-17,27.82,Europe (€ per tonne)
2020-07-18,27.82,Europe (€ per tonne)
2020-07-19,27.82,Europe (€ per tonne)
2020-07-20,26.17,Europe (€ per tonne)
2020-07-21,26.61,Europe (€ per tonne)
2020-07-22,26.63,Europe (€ per tonne)
2020-07-23,27.33,Europe (€ per tonne)
2020-07-24,26.37,Europe (€ per tonne)
2020-07-25,26.37,Europe (€ per tonne)
2020-07-26,26.37,Europe (€ per tonne)
2020-07-27,25.01,Europe (€ per tonne)
2020-07-28,25.74,Europe (€ per tonne)
2020-07-29,26.19,Europe (€ per tonne)
2020-07-30,25.54,Europe (€ per tonne)
2020-07-31,26.28,Europe (€ per tonne)
2020-08-01,26.28,Europe (€ per tonne)
2020-08-02,26.28,Europe (€ per tonne)
2020-08-03,26.13,Europe (€ per tonne)
2020-08-04,26.83,Europe (€ per tonne)
2020-08-05,26.77,Europe (€ per tonne)
2020-08-06,26.39,Europe (€ per tonne)
2020-08-07,26.42,Europe (€ per tonne)
2020-08-08,26.42,Europe (€ per tonne)
2020-08-09,26.42,Europe (€ per tonne)
2020-08-10,26.71,Europe (€ per tonne)
2020-08-11,26.19,Europe (€ per tonne)
2020-08-12,25.97,Europe (€ per tonne)
2020-08-13,25.43,Europe (€ per tonne)
2020-08-14,25.48,Europe (€ per tonne)
2020-08-15,25.48,Europe (€ per tonne)
2020-08-16,25.48,Europe (€ per tonne)
2020-08-17,26.3,Europe (€ per tonne)
2020-08-18,26.55,Europe (€ per tonne)
2020-08-19,26.23,Europe (€ per tonne)
2020-08-20,25.9,Europe (€ per tonne)
2020-08-21,25.65,Europe (€ per tonne)
2020-08-22,25.65,Europe (€ per tonne)
2020-08-23,25.65,Europe (€ per tonne)
2020-08-24,27.48,Europe (€ per tonne)
2020-08-25,28.61,Europe (€ per tonne)
2020-08-26,28.62,Europe (€ per tonne)
2020-08-27,28.37,Europe (€ per tonne)
2020-08-28,29.52,Europe (€ per tonne)
2020-08-29,29.52,Europe (€ per tonne)
2020-08-30,29.52,Europe (€ per tonne)
2020-08-31,28.66,Europe (€ per tonne)
2020-09-01,27.74,Europe (€ per tonne)
2020-09-02,28.23,Europe (€ per tonne)
2020-09-03,28.74,Europe (€ per tonne)
2020-09-04,27.36,Europe (€ per tonne)
2020-09-05,27.36,Europe (€ per tonne)
2020-09-06,27.36,Europe (€ per tonne)
2020-09-07,27.05,Europe (€ per tonne)
2020-09-08,26.79,Europe (€ per tonne)
2020-09-09,27.2,Europe (€ per tonne)
2020-09-10,28.42,Europe (€ per tonne)
2020-09-11,28.26,Europe (€ per tonne)
2020-09-12,28.26,Europe (€ per tonne)
2020-09-13,28.26,Europe (€ per tonne)
2020-09-14,30.47,Europe (€ per tonne)
2020-09-15,29.79,Europe (€ per tonne)
2020-09-16,29.99,Europe (€ per tonne)
2020-09-17,28.43,Europe (€ per tonne)
2020-09-18,27.99,Europe (€ per tonne)
2020-09-19,27.99,Europe (€ per tonne)
2020-09-20,27.99,Europe (€ per tonne)
2020-09-21,26.4,Europe (€ per tonne)
2020-09-22,27.85,Europe (€ per tonne)
2020-09-23,26.5,Europe (€ per tonne)
2020-09-24,26.79,Europe (€ per tonne)
2020-09-25,26.17,Europe (€ per tonne)
2020-09-26,26.17,Europe (€ per tonne)
2020-09-27,26.17,Europe (€ per tonne)
2020-09-28,27.71,Europe (€ per tonne)
2020-09-29,26.79,Europe (€ per tonne)
2020-09-30,26.93,Europe (€ per tonne)
2020-10-01,26.51,Europe (€ per tonne)
2020-10-02,27.03,Europe (€ per tonne)
2020-10-03,27.03,Europe (€ per tonne)
2020-10-04,27.03,Europe (€ per tonne)
2020-10-05,26.94,Europe (€ per tonne)
2020-10-06,26.79,Europe (€ per tonne)
2020-10-07,26.9,Europe (€ per tonne)
2020-10-08,26.34,Europe (€ per tonne)
2020-10-09,25.71,Europe (€ per tonne)
2020-10-10,25.71,Europe (€ per tonne)
2020-10-11,25.71,Europe (€ per tonne)
2020-10-12,25.87,Europe (€ per tonne)
2020-10-13,25.22,Europe (€ per tonne)
2020-10-14,25.75,Europe (€ per tonne)
2020-10-15,24.96,Europe (€ per tonne)
2020-10-16,24.89,Europe (€ per tonne)
2020-10-17,24.89,Europe (€ per tonne)
2020-10-18,24.89,Europe (€ per tonne)
2020-10-19,24.98,Europe (€ per tonne)
2020-10-20,24.41,Europe (€ per tonne)
2020-10-21,23.56,Europe (€ per tonne)
2020-10-22,24.18,Europe (€ per tonne)
2020-10-23,25.49,Europe (€ per tonne)
2020-10-24,25.49,Europe (€ per tonne)
2020-10-25,25.49,Europe (€ per tonne)
2020-10-26,23.85,Europe (€ per tonne)
2020-10-27,24.07,Europe (€ per tonne)
2020-10-28,23.03,Europe (€ per tonne)
2020-10-29,23.67,Europe (€ per tonne)
2020-10-30,23.71,Europe (€ per tonne)
2020-10-31,23.71,Europe (€ per tonne)
2020-11-01,23.71,Europe (€ per tonne)
2020-11-02,23.67,Europe (€ per tonne)
2020-11-03,24.39,Europe (€ per tonne)
2020-11-04,25.11,Europe (€ per tonne)
2020-11-05,25.98,Europe (€ per tonne)
2020-11-06,25.42,Europe (€ per tonne)
2020-11-07,25.42,Europe (€ per tonne)
2020-11-08,25.42,Europe (€ per tonne)
2020-11-09,26.55,Europe (€ per tonne)
2020-11-10,26.23,Europe (€ per tonne)
2020-11-11,26.13,Europe (€ per tonne)
2020-11-12,25.92,Europe (€ per tonne)
2020-11-13,26.28,Europe (€ per tonne)
2020-11-14,26.28,Europe (€ per tonne)
2020-11-15,26.28,Europe (€ per tonne)
2020-11-16,27.39,Europe (€ per tonne)
2020-11-17,26.64,Europe (€ per tonne)
2020-11-18,27.19,Europe (€ per tonne)
2020-11-19,26.35,Europe (€ per tonne)
2020-11-20,26.74,Europe (€ per tonne)
2020-11-21,26.74,Europe (€ per tonne)
2020-11-22,26.74,Europe (€ per tonne)
2020-11-23,27.25,Europe (€ per tonne)
2020-11-24,27.63,Europe (€ per tonne)
2020-11-25,27.62,Europe (€ per tonne)
2020-11-26,28.1,Europe (€ per tonne)
2020-11-27,28.13,Europe (€ per tonne)
2020-11-28,28.13,Europe (€ per tonne)
2020-11-29,28.13,Europe (€ per tonne)
2020-11-30,29.14,Europe (€ per tonne)
2020-12-01,28.86,Europe (€ per tonne)
2020-12-02,29.55,Europe (€ per tonne)
2020-12-03,29.0,Europe (€ per tonne)
2020-12-04,30.11,Europe (€ per tonne)
2020-12-05,30.11,Europe (€ per tonne)
2020-12-06,30.11,Europe (€ per tonne)
2020-12-07,29.62,Europe (€ per tonne)
2020-12-08,29.57,Europe (€ per tonne)
2020-12-09,29.7,Europe (€ per tonne)
2020-12-10,30.9,Europe (€ per tonne)
2020-12-11,30.52,Europe (€ per tonne)
2020-12-12,30.52,Europe (€ per tonne)
2020-12-13,30.52,Europe (€ per tonne)
2020-12-14,30.81,Europe (€ per tonne)
2020-12-15,32.18,Europe (€ per tonne)
2020-12-16,31.78,Europe (€ per tonne)
2020-12-17,31.96,Europe (€ per tonne)
2020-12-18,31.1,Europe (€ per tonne)
2020-12-19,31.1,Europe (€ per tonne)
2020-12-20,31.1,Europe (€ per tonne)
2020-12-21,30.89,Europe (€ per tonne)
2020-12-22,31.15,Europe (€ per tonne)
2020-12-23,31.92,Europe (€ per tonne)
2020-12-24,32.19,Europe (€ per tonne)
2020-12-25,32.19,Europe (€ per tonne)
2020-12-26,32.19,Europe (€ per tonne)
2020-12-27,32.19,Europe (€ per tonne)
2020-12-28,33.44,Europe (€ per tonne)
2020-12-29,33.02,Europe (€ per tonne)
2020-12-30,32.19,Europe (€ per tonne)
2020-12-31,32.72,Europe (€ per tonne)
2021-01-01,32.72,Europe (€ per tonne)
2021-01-02,32.72,Europe (€ per tonne)
2021-01-03,32.72,Europe (€ per tonne)
2021-01-04,33.69,Europe (€ per tonne)
2021-01-05,32.96,Europe (€ per tonne)
2021-01-06,33.63,Europe (€ per tonne)
2021-01-07,34.76,Europe (€ per tonne)
2021-01-08,34.92,Europe (€ per tonne)
2021-01-09,34.92,Europe (€ per tonne)
2021-01-10,34.92,Europe (€ per tonne)
2021-01-11,34.53,Europe (€ per tonne)
2021-01-12,34.66,Europe (€ per tonne)
2021-01-13,33.65,Europe (€ per tonne)
2021-01-14,33.53,Europe (€ per tonne)
2021-01-15,31.74,Europe (€ per tonne)
2021-01-16,31.74,Europe (€ per tonne)
2021-01-17,31.74,Europe (€ per tonne)
2021-01-18,31.62,Europe (€ per tonne)
2021-01-19,33.09,Europe (€ per tonne)
2021-01-20,32.91,Europe (€ per tonne)
2021-01-21,34.11,Europe (€ per tonne)
2021-01-22,34.24,Europe (€ per tonne)
2021-01-23,34.24,Europe (€ per tonne)
2021-01-24,34.24,Europe (€ per tonne)
2021-01-25,33.16,Europe (€ per tonne)
2021-01-26,33.35,Europe (€ per tonne)
2021-01-27,33.28,Europe (€ per tonne)
2021-01-28,33.95,Europe (€ per tonne)
2021-01-29,32.95,Europe (€ per tonne)
2021-01-30,32.95,Europe (€ per tonne)
2021-01-31,32.95,Europe (€ per tonne)
2021-02-01,32.85,Europe (€ per tonne)
2021-02-02,34.97,Europe (€ per tonne)
2021-02-03,37.43,Europe (€ per tonne)
2021-02-04,37.27,Europe (€ per tonne)
2021-02-05,38.2,Europe (€ per tonne)
2021-02-06,38.2,Europe (€ per tonne)
2021-02-07,38.2,Europe (€ per tonne)
2021-02-08,38.61,Europe (€ per tonne)
2021-02-09,38.26,Europe (€ per tonne)
2021-02-10,39.33,Europe (€ per tonne)
2021-02-11,38.76,Europe (€ per tonne)
2021-02-12,40.02,Europe (€ per tonne)
2021-02-13,40.02,Europe (€ per tonne)
2021-02-14,40.02,Europe (€ per tonne)
2021-02-15,39.52,Europe (€ per tonne)
2021-02-16,38.86,Europe (€ per tonne)
2021-02-17,38.09,Europe (€ per tonne)
2021-02-18,38.32,Europe (€ per tonne)
2021-02-19,37.4,Europe (€ per tonne)
2021-02-20,37.4,Europe (€ per tonne)
2021-02-21,37.4,Europe (€ per tonne)
2021-02-22,37.96,Europe (€ per tonne)
2021-02-23,38.67,Europe (€ per tonne)
2021-02-24,39.15,Europe (€ per tonne)
2021-02-25,38.26,Europe (€ per tonne)
2021-02-26,37.28,Europe (€ per tonne)
2021-02-27,37.28,Europe (€ per tonne)
2021-02-28,37.28,Europe (€ per tonne)
2021-03-01,37.13,Europe (€ per tonne)
2021-03-02,38.35,Europe (€ per tonne)
2021-03-03,37.47,Europe (€ per tonne)
2021-03-04,38.16,Europe (€ per tonne)
2021-03-05,39.02,Europe (€ per tonne)
2021-03-06,39.02,Europe (€ per tonne)
2021-03-07,39.02,Europe (€ per tonne)
2021-03-08,39.13,Europe (€ per tonne)
2021-03-09,40.65,Europe (€ per tonne)
2021-03-10,41.54,Europe (€ per tonne)
2021-03-11,41.93,Europe (€ per tonne)
2021-03-12,42.85,Europe (€ per tonne)
2021-03-13,42.85,Europe (€ per tonne)
2021-03-14,42.85,Europe (€ per tonne)
2021-03-15,42.39,Europe (€ per tonne)
2021-03-16,41.6,Europe (€ per tonne)
2021-03-17,42.99,Europe (€ per tonne)
2021-03-18,42.4,Europe (€ per tonne)
2021-03-19,41.97,Europe (€ per tonne)
2021-03-20,41.97,Europe (€ per tonne)
2021-03-21,41.97,Europe (€ per tonne)
2021-03-22,42.84,Europe (€ per tonne)
2021-03-23,41.43,Europe (€ per tonne)
2021-03-24,41.6,Europe (€ per tonne)
2021-03-25,40.35,Europe (€ per tonne)
2021-03-26,41.73,Europe (€ per tonne)
2021-03-27,41.73,Europe (€ per tonne)
2021-03-28,41.73,Europe (€ per tonne)
2021-03-29,41.85,Europe (€ per tonne)
2021-03-30,42.05,Europe (€ per tonne)
2021-03-31,42.55,Europe (€ per tonne)
2021-04-01,42.47,Europe (€ per tonne)
2021-04-02,42.47,Europe (€ per tonne)
2021-04-03,42.47,Europe (€ per tonne)
2021-04-04,42.47,Europe (€ per tonne)
2021-04-05,42.47,Europe (€ per tonne)
2021-04-06,44.24,Europe (€ per tonne)
2021-04-07,43.86,Europe (€ per tonne)
2021-04-08,43.48,Europe (€ per tonne)
2021-04-09,43.64,Europe (€ per tonne)
2021-04-10,43.64,Europe (€ per tonne)
2021-04-11,43.64,Europe (€ per tonne)
2021-04-12,44.48,Europe (€ per tonne)
2021-04-13,43.85,Europe (€ per tonne)
2021-04-14,43.82,Europe (€ per tonne)
2021-04-15,44.16,Europe (€ per tonne)
2021-04-16,44.42,Europe (€ per tonne)
2021-04-17,44.42,Europe (€ per tonne)
2021-04-18,44.42,Europe (€ per tonne)
2021-04-19,44.35,Europe (€ per tonne)
2021-04-20,44.89,Europe (€ per tonne)
2021-04-21,45.91,Europe (€ per tonne)
2021-04-22,47.09,Europe (€ per tonne)
2021-04-23,46.95,Europe (€ per tonne)
2021-04-24,46.95,Europe (€ per tonne)
2021-04-25,46.95,Europe (€ per tonne)
2021-04-26,47.2,Europe (€ per tonne)
2021-04-27,47.3,Europe (€ per tonne)
2021-04-28,47.79,Europe (€ per tonne)
2021-04-29,48.02,Europe (€ per tonne)
2021-04-30,48.84,Europe (€ per tonne)
2021-05-01,48.84,Europe (€ per tonne)
2021-05-02,48.84,Europe (€ per tonne)
2021-05-03,49.42,Europe (€ per tonne)
2021-05-04,48.61,Europe (€ per tonne)
2021-05-05,49.45,Europe (€ per tonne)
2021-05-06,49.94,Europe (€ per tonne)
2021-05-07,50.45,Europe (€ per tonne)
2021-05-08,50.45,Europe (€ per tonne)
2021-05-09,50.45,Europe (€ per tonne)
2021-05-10,52.22,Europe (€ per tonne)
2021-05-11,53.04,Europe (€ per tonne)
2021-05-12,55.32,Europe (€ per tonne)
2021-05-13,54.49,Europe (€ per tonne)
2021-05-14,56.65,Europe (€ per tonne)
2021-05-15,56.65,Europe (€ per tonne)
2021-05-16,56.65,Europe (€ per tonne)
2021-05-17,56.34,Europe (€ per tonne)
2021-05-18,53.07,Europe (€ per tonne)
2021-05-19,49.68,Europe (€ per tonne)
2021-05-19,45.25,UK (£ per tonne)
2021-05-20,52.7,Europe (€ per tonne)
2021-05-20,47.4,UK (£ per tonne)
2021-05-21,51.75,Europe (€ per tonne)
2021-05-21,49.89,UK (£ per tonne)
2021-05-22,51.75,Europe (€ per tonne)
2021-05-22,49.89,UK (£ per tonne)
2021-05-23,51.75,Europe (€ per tonne)
2021-05-23,49.89,UK (£ per tonne)
2021-05-24,52.77,Europe (€ per tonne)
2021-05-24,50.75,UK (£ per tonne)
2021-05-25,53.32,Europe (€ per tonne)
2021-05-25,50.9,UK (£ per tonne)
2021-05-26,53.67,Europe (€ per tonne)
2021-05-26,51.1,UK (£ per tonne)
2021-05-27,51.84,Europe (€ per tonne)
2021-05-27,49.5,UK (£ per tonne)
2021-05-28,51.03,Europe (€ per tonne)
2021-05-28,48.5,UK (£ per tonne)
2021-05-29,51.03,Europe (€ per tonne)
2021-05-29,48.5,UK (£ per tonne)
2021-05-30,51.03,Europe (€ per tonne)
2021-05-30,48.5,UK (£ per tonne)
2021-05-31,51.7,Europe (€ per tonne)
2021-05-31,48.5,UK (£ per tonne)
2021-06-01,52.41,Europe (€ per tonne)
2021-06-01,48.15,UK (£ per tonne)
2021-06-02,51.4,Europe (€ per tonne)
2021-06-02,46.6,UK (£ per tonne)
2021-06-03,50.24,Europe (€ per tonne)
2021-06-03,46.25,UK (£ per tonne)
2021-06-04,49.97,Europe (€ per tonne)
2021-06-04,45.75,UK (£ per tonne)
2021-06-05,49.97,Europe (€ per tonne)
2021-06-05,45.75,UK (£ per tonne)
2021-06-06,49.97,Europe (€ per tonne)
2021-06-06,45.75,UK (£ per tonne)
2021-06-07,51.47,Europe (€ per tonne)
2021-06-07,46.45,UK (£ per tonne)
2021-06-08,52.17,Europe (€ per tonne)
2021-06-08,46.95,UK (£ per tonne)
2021-06-09,53.51,Europe (€ per tonne)
2021-06-09,47.51,UK (£ per tonne)
2021-06-10,53.78,Europe (€ per tonne)
2021-06-10,47.15,UK (£ per tonne)
2021-06-11,52.67,Europe (€ per tonne)
2021-06-11,46.1,UK (£ per tonne)
2021-06-12,52.67,Europe (€ per tonne)
2021-06-12,46.1,UK (£ per tonne)
2021-06-13,52.67,Europe (€ per tonne)
2021-06-13,46.1,UK (£ per tonne)
2021-06-14,52.9,Europe (€ per tonne)
2021-06-14,45.75,UK (£ per tonne)
2021-06-15,51.4,Europe (€ per tonne)
2021-06-15,44.5,UK (£ per tonne)
2021-06-16,51.34,Europe (€ per tonne)
2021-06-16,44.1,UK (£ per tonne)
2021-06-17,50.91,Europe (€ per tonne)
2021-06-17,43.9,UK (£ per tonne)
2021-06-18,51.9,Europe (€ per tonne)
2021-06-18,44.4,UK (£ per tonne)
2021-06-19,51.9,Europe (€ per tonne)
2021-06-19,44.4,UK (£ per tonne)
2021-06-20,51.9,Europe (€ per tonne)
2021-06-20,44.4,UK (£ per tonne)
2021-06-21,52.42,Europe (€ per tonne)
2021-06-21,44.7,UK (£ per tonne)
2021-06-22,53.41,Europe (€ per tonne)
2021-06-22,45.3,UK (£ per tonne)
2021-06-23,54.67,Europe (€ per tonne)
2021-06-23,46.3,UK (£ per tonne)
2021-06-24,55.09,Europe (€ per tonne)
2021-06-24,46.8,UK (£ per tonne)
2021-06-25,55.05,Europe (€ per tonne)
2021-06-25,46.6,UK (£ per tonne)
2021-06-26,55.05,Europe (€ per tonne)
2021-06-26,46.6,UK (£ per tonne)
2021-06-27,55.05,Europe (€ per tonne)
2021-06-27,46.6,UK (£ per tonne)
2021-06-28,55.5,Europe (€ per tonne)
2021-06-28,47.15,UK (£ per tonne)
2021-06-29,55.64,Europe (€ per tonne)
2021-06-29,46.8,UK (£ per tonne)
2021-06-30,56.37,Europe (€ per tonne)
2021-06-30,46.5,UK (£ per tonne)
2021-07-01,57.65,Europe (€ per tonne)
2021-07-01,47.82,UK (£ per tonne)
2021-07-02,57.35,Europe (€ per tonne)
2021-07-02,47.5,UK (£ per tonne)
2021-07-03,57.35,Europe (€ per tonne)
2021-07-03,47.5,UK (£ per tonne)
2021-07-04,57.35,Europe (€ per tonne)
2021-07-04,47.5,UK (£ per tonne)
2021-07-05,57.87,Europe (€ per tonne)
2021-07-05,47.6,UK (£ per tonne)
2021-07-06,54.02,Europe (€ per tonne)
2021-07-06,45.0,UK (£ per tonne)
2021-07-07,52.62,Europe (€ per tonne)
2021-07-07,43.9,UK (£ per tonne)
2021-07-08,52.35,Europe (€ per tonne)
2021-07-08,44.1,UK (£ per tonne)
2021-07-09,54.26,Europe (€ per tonne)
2021-07-09,45.35,UK (£ per tonne)
2021-07-10,54.26,Europe (€ per tonne)
2021-07-10,45.35,UK (£ per tonne)
2021-07-11,54.26,Europe (€ per tonne)
2021-07-11,45.35,UK (£ per tonne)
2021-07-12,51.71,Europe (€ per tonne)
2021-07-12,43.05,UK (£ per tonne)
2021-07-13,52.85,Europe (€ per tonne)
2021-07-13,43.46,UK (£ per tonne)
2021-07-14,53.37,Europe (€ per tonne)
2021-07-14,43.22,UK (£ per tonne)
2021-07-15,52.97,Europe (€ per tonne)
2021-07-15,43.4,UK (£ per tonne)
2021-07-16,52.89,Europe (€ per tonne)
2021-07-16,43.6,UK (£ per tonne)
2021-07-17,52.89,Europe (€ per tonne)
2021-07-17,43.6,UK (£ per tonne)
2021-07-18,52.89,Europe (€ per tonne)
2021-07-18,43.6,UK (£ per tonne)
2021-07-19,52.41,Europe (€ per tonne)
2021-07-19,43.9,UK (£ per tonne)
2021-07-20,51.21,Europe (€ per tonne)
2021-07-20,43.0,UK (£ per tonne)
2021-07-21,52.14,Europe (€ per tonne)
2021-07-21,43.7,UK (£ per tonne)
2021-07-22,50.79,Europe (€ per tonne)
2021-07-22,42.9,UK (£ per tonne)
2021-07-23,50.89,Europe (€ per tonne)
2021-07-23,42.4,UK (£ per tonne)
2021-07-24,50.89,Europe (€ per tonne)
2021-07-24,42.4,UK (£ per tonne)
2021-07-25,50.89,Europe (€ per tonne)
2021-07-25,42.4,UK (£ per tonne)
2021-07-26,53.2,Europe (€ per tonne)
2021-07-26,43.48,UK (£ per tonne)
2021-07-27,52.91,Europe (€ per tonne)
2021-07-27,42.62,UK (£ per tonne)
2021-07-28,53.84,Europe (€ per tonne)
2021-07-28,43.41,UK (£ per tonne)
2021-07-29,54.05,Europe (€ per tonne)
2021-07-29,43.97,UK (£ per tonne)
2021-07-30,53.33,Europe (€ per tonne)
2021-07-30,43.98,UK (£ per tonne)
2021-07-31,53.33,Europe (€ per tonne)
2021-07-31,43.98,UK (£ per tonne)
2021-08-01,53.33,Europe (€ per tonne)
2021-08-01,43.98,UK (£ per tonne)
2021-08-02,54.43,Europe (€ per tonne)
2021-08-02,45.61,UK (£ per tonne)
2021-08-03,54.19,Europe (€ per tonne)
2021-08-03,45.65,UK (£ per tonne)
2021-08-04,55.46,Europe (€ per tonne)
2021-08-04,46.96,UK (£ per tonne)
2021-08-05,55.98,Europe (€ per tonne)
2021-08-05,47.85,UK (£ per tonne)
2021-08-06,56.66,Europe (€ per tonne)
2021-08-06,48.25,UK (£ per tonne)
2021-08-07,56.66,Europe (€ per tonne)
2021-08-07,48.25,UK (£ per tonne)
2021-08-08,56.66,Europe (€ per tonne)
2021-08-08,48.25,UK (£ per tonne)
2021-08-09,56.62,Europe (€ per tonne)
2021-08-09,48.02,UK (£ per tonne)
2021-08-10,57.41,Europe (€ per tonne)
2021-08-10,48.0,UK (£ per tonne)
2021-08-11,57.78,Europe (€ per tonne)
2021-08-11,49.05,UK (£ per tonne)
2021-08-12,56.26,Europe (€ per tonne)
2021-08-12,48.5,UK (£ per tonne)
2021-08-13,55.38,Europe (€ per tonne)
2021-08-13,48.2,UK (£ per tonne)
2021-08-14,55.38,Europe (€ per tonne)
2021-08-14,48.2,UK (£ per tonne)
2021-08-15,55.38,Europe (€ per tonne)
2021-08-15,48.2,UK (£ per tonne)
2021-08-16,58.16,Europe (€ per tonne)
2021-08-16,49.8,UK (£ per tonne)
2021-08-17,57.23,Europe (€ per tonne)
2021-08-17,49.39,UK (£ per tonne)
2021-08-18,57.13,Europe (€ per tonne)
2021-08-18,49.19,UK (£ per tonne)
2021-08-19,53.5,Europe (€ per tonne)
2021-08-19,47.04,UK (£ per tonne)
2021-08-20,54.38,Europe (€ per tonne)
2021-08-20,47.65,UK (£ per tonne)
2021-08-21,54.38,Europe (€ per tonne)
2021-08-21,47.65,UK (£ per tonne)
2021-08-22,54.38,Europe (€ per tonne)
2021-08-22,47.65,UK (£ per tonne)
2021-08-23,55.34,Europe (€ per tonne)
2021-08-23,48.49,UK (£ per tonne)
2021-08-24,56.64,Europe (€ per tonne)
2021-08-24,48.79,UK (£ per tonne)
2021-08-25,56.54,Europe (€ per tonne)
2021-08-25,48.78,UK (£ per tonne)
2021-08-26,56.86,Europe (€ per tonne)
2021-08-26,49.2,UK (£ per tonne)
2021-08-27,59.0,Europe (€ per tonne)
2021-08-27,50.75,UK (£ per tonne)
2021-08-28,59.0,Europe (€ per tonne)
2021-08-28,50.75,UK (£ per tonne)
2021-08-29,59.0,Europe (€ per tonne)
2021-08-29,50.75,UK (£ per tonne)
2021-08-30,60.76,Europe (€ per tonne)
2021-08-30,50.75,UK (£ per tonne)
2021-08-31,60.76,Europe (€ per tonne)
2021-08-31,52.16,UK (£ per tonne)
2021-09-01,60.12,Europe (€ per tonne)
2021-09-01,52.09,UK (£ per tonne)
2021-09-02,61.52,Europe (€ per tonne)
2021-09-02,53.12,UK (£ per tonne)
2021-09-03,61.32,Europe (€ per tonne)
2021-09-03,53.01,UK (£ per tonne)
2021-09-04,61.32,Europe (€ per tonne)
2021-09-04,53.01,UK (£ per tonne)
2021-09-05,61.32,Europe (€ per tonne)
2021-09-05,53.01,UK (£ per tonne)
2021-09-06,62.31,Europe (€ per tonne)
2021-09-06,53.73,UK (£ per tonne)
2021-09-07,61.99,Europe (€ per tonne)
2021-09-07,53.5,UK (£ per tonne)
2021-09-08,62.45,Europe (€ per tonne)
2021-09-08,53.76,UK (£ per tonne)
2021-09-09,62.75,Europe (€ per tonne)
2021-09-09,54.05,UK (£ per tonne)
2021-09-10,60.92,Europe (€ per tonne)
2021-09-10,53.2,UK (£ per tonne)
2021-09-11,60.92,Europe (€ per tonne)
2021-09-11,53.2,UK (£ per tonne)
2021-09-12,60.92,Europe (€ per tonne)
2021-09-12,53.2,UK (£ per tonne)
2021-09-13,61.07,Europe (€ per tonne)
2021-09-13,53.35,UK (£ per tonne)
2021-09-14,59.85,Europe (€ per tonne)
2021-09-14,52.94,UK (£ per tonne)
2021-09-15,59.86,Europe (€ per tonne)
2021-09-15,53.8,UK (£ per tonne)
2021-09-16,59.31,Europe (€ per tonne)
2021-09-16,54.03,UK (£ per tonne)
2021-09-17,59.48,Europe (€ per tonne)
2021-09-17,55.16,UK (£ per tonne)
2021-09-18,59.48,Europe (€ per tonne)
2021-09-18,55.16,UK (£ per tonne)
2021-09-19,59.48,Europe (€ per tonne)
2021-09-19,55.16,UK (£ per tonne)
2021-09-20,60.68,Europe (€ per tonne)
2021-09-20,56.14,UK (£ per tonne)
2021-09-21,60.16,Europe (€ per tonne)
2021-09-21,55.78,UK (£ per tonne)
2021-09-22,60.6,Europe (€ per tonne)
2021-09-22,56.66,UK (£ per tonne)
2021-09-23,60.54,Europe (€ per tonne)
2021-09-23,59.2,UK (£ per tonne)
2021-09-24,62.94,Europe (€ per tonne)
2021-09-24,64.75,UK (£ per tonne)
2021-09-25,62.94,Europe (€ per tonne)
2021-09-25,64.75,UK (£ per tonne)
2021-09-26,62.94,Europe (€ per tonne)
2021-09-26,64.75,UK (£ per tonne)
2021-09-27,64.37,Europe (€ per tonne)
2021-09-27,71.35,UK (£ per tonne)
2021-09-28,61.92,Europe (€ per tonne)
2021-09-28,74.47,UK (£ per tonne)
2021-09-29,62.88,Europe (€ per tonne)
2021-09-29,75.56,UK (£ per tonne)
2021-09-30,61.74,Europe (€ per tonne)
2021-09-30,74.2,UK (£ per tonne)
2021-10-01,62.04,Europe (€ per tonne)
2021-10-01,73.85,UK (£ per tonne)
2021-10-02,62.04,Europe (€ per tonne)
2021-10-02,73.85,UK (£ per tonne)
2021-10-03,62.04,Europe (€ per tonne)
2021-10-03,73.85,UK (£ per tonne)
2021-10-04,63.4,Europe (€ per tonne)
2021-10-04,69.0,UK (£ per tonne)
2021-10-05,64.72,Europe (€ per tonne)
2021-10-05,69.4,UK (£ per tonne)
2021-10-06,59.12,Europe (€ per tonne)
2021-10-06,60.48,UK (£ per tonne)
2021-10-07,60.37,Europe (€ per tonne)
2021-10-07,62.68,UK (£ per tonne)
2021-10-08,58.33,Europe (€ per tonne)
2021-10-08,62.36,UK (£ per tonne)
2021-10-09,58.33,Europe (€ per tonne)
2021-10-09,62.36,UK (£ per tonne)
2021-10-10,58.33,Europe (€ per tonne)
2021-10-10,62.36,UK (£ per tonne)
2021-10-11,59.15,Europe (€ per tonne)
2021-10-11,63.92,UK (£ per tonne)
2021-10-12,58.93,Europe (€ per tonne)
2021-10-12,64.65,UK (£ per tonne)
2021-10-13,59.07,Europe (€ per tonne)
2021-10-13,65.93,UK (£ per tonne)
2021-10-14,61.44,Europe (€ per tonne)
2021-10-14,66.24,UK (£ per tonne)
2021-10-15,59.44,Europe (€ per tonne)
2021-10-15,60.58,UK (£ per tonne)
2021-10-16,59.44,Europe (€ per tonne)
2021-10-16,60.58,UK (£ per tonne)
2021-10-17,59.44,Europe (€ per tonne)
2021-10-17,60.58,UK (£ per tonne)
2021-10-18,58.56,Europe (€ per tonne)
2021-10-18,58.75,UK (£ per tonne)
2021-10-19,54.55,Europe (€ per tonne)
2021-10-19,54.07,UK (£ per tonne)
2021-10-20,57.78,Europe (€ per tonne)
2021-10-20,56.84,UK (£ per tonne)
2021-10-21,57.98,Europe (€ per tonne)
2021-10-21,58.0,UK (£ per tonne)
2021-10-22,58.27,Europe (€ per tonne)
2021-10-22,58.46,UK (£ per tonne)
2021-10-23,58.27,Europe (€ per tonne)
2021-10-23,58.46,UK (£ per tonne)
2021-10-24,58.27,Europe (€ per tonne)
2021-10-24,58.46,UK (£ per tonne)
2021-10-25,58.99,Europe (€ per tonne)
2021-10-25,57.8,UK (£ per tonne)
2021-10-26,59.81,Europe (€ per tonne)
2021-10-26,56.0,UK (£ per tonne)
2021-10-27,59.9,Europe (€ per tonne)
2021-10-27,54.38,UK (£ per tonne)
2021-10-28,58.57,Europe (€ per tonne)
2021-10-28,53.5,UK (£ per tonne)
2021-10-29,58.71,Europe (€ per tonne)
2021-10-29,53.7,UK (£ per tonne)
2021-10-30,58.71,Europe (€ per tonne)
2021-10-30,53.7,UK (£ per tonne)
2021-10-31,58.71,Europe (€ per tonne)
2021-10-31,53.7,UK (£ per tonne)
2021-11-01,56.94,Europe (€ per tonne)
2021-11-01,51.7,UK (£ per tonne)
2021-11-02,59.46,Europe (€ per tonne)
2021-11-02,51.7,UK (£ per tonne)
2021-11-03,59.82,Europe (€ per tonne)
2021-11-03,53.9,UK (£ per tonne)
2021-11-04,59.86,Europe (€ per tonne)
2021-11-04,54.0,UK (£ per tonne)
2021-11-05,59.39,Europe (€ per tonne)
2021-11-05,54.2,UK (£ per tonne)
2021-11-06,59.39,Europe (€ per tonne)
2021-11-06,54.2,UK (£ per tonne)
2021-11-07,59.39,Europe (€ per tonne)
2021-11-07,54.2,UK (£ per tonne)
2021-11-08,60.63,Europe (€ per tonne)
2021-11-08,54.17,UK (£ per tonne)
2021-11-09,60.41,Europe (€ per tonne)
2021-11-09,54.65,UK (£ per tonne)
2021-11-10,63.16,Europe (€ per tonne)
2021-11-10,55.79,UK (£ per tonne)
2021-11-11,63.7,Europe (€ per tonne)
2021-11-11,56.48,UK (£ per tonne)
2021-11-12,63.27,Europe (€ per tonne)
2021-11-12,56.98,UK (£ per tonne)
2021-11-13,63.27,Europe (€ per tonne)
2021-11-13,56.98,UK (£ per tonne)
2021-11-14,63.27,Europe (€ per tonne)
2021-11-14,56.98,UK (£ per tonne)
2021-11-15,65.93,Europe (€ per tonne)
2021-11-15,59.02,UK (£ per tonne)
2021-11-16,67.55,Europe (€ per tonne)
2021-11-16,58.86,UK (£ per tonne)
2021-11-17,67.16,Europe (€ per tonne)
2021-11-17,60.26,UK (£ per tonne)
2021-11-18,69.1,Europe (€ per tonne)
2021-11-18,62.45,UK (£ per tonne)
2021-11-19,69.36,Europe (€ per tonne)
2021-11-19,63.44,UK (£ per tonne)
2021-11-20,69.36,Europe (€ per tonne)
2021-11-20,63.44,UK (£ per tonne)
2021-11-21,69.36,Europe (€ per tonne)
2021-11-21,63.44,UK (£ per tonne)
2021-11-22,69.91,Europe (€ per tonne)
2021-11-22,65.25,UK (£ per tonne)
2021-11-23,69.17,Europe (€ per tonne)
2021-11-23,66.75,UK (£ per tonne)
2021-11-24,72.91,Europe (€ per tonne)
2021-11-24,68.85,UK (£ per tonne)
2021-11-25,74.46,Europe (€ per tonne)
2021-11-25,70.44,UK (£ per tonne)
2021-11-26,72.78,Europe (€ per tonne)
2021-11-26,69.25,UK (£ per tonne)
2021-11-27,72.78,Europe (€ per tonne)
2021-11-27,69.25,UK (£ per tonne)
2021-11-28,72.78,Europe (€ per tonne)
2021-11-28,69.25,UK (£ per tonne)
2021-11-29,74.21,Europe (€ per tonne)
2021-11-29,69.75,UK (£ per tonne)
2021-11-30,75.37,Europe (€ per tonne)
2021-11-30,73.02,UK (£ per tonne)
2021-12-01,76.81,Europe (€ per tonne)
2021-12-01,68.42,UK (£ per tonne)
2021-12-02,79.86,Europe (€ per tonne)
2021-12-02,68.81,UK (£ per tonne)
2021-12-03,78.25,Europe (€ per tonne)
2021-12-03,69.0,UK (£ per tonne)
2021-12-04,78.25,Europe (€ per tonne)
2021-12-04,69.0,UK (£ per tonne)
2021-12-05,78.25,Europe (€ per tonne)
2021-12-05,69.0,UK (£ per tonne)
2021-12-06,81.25,Europe (€ per tonne)
2021-12-06,70.27,UK (£ per tonne)
2021-12-07,84.91,Europe (€ per tonne)
2021-12-07,71.19,UK (£ per tonne)
2021-12-08,88.88,Europe (€ per tonne)
2021-12-08,74.44,UK (£ per tonne)
2021-12-09,80.2,Europe (€ per tonne)
2021-12-09,72.86,UK (£ per tonne)
2021-12-10,83.73,Europe (€ per tonne)
2021-12-10,73.14,UK (£ per tonne)
2021-12-11,83.73,Europe (€ per tonne)
2021-12-11,73.14,UK (£ per tonne)
2021-12-12,83.73,Europe (€ per tonne)
2021-12-12,73.14,UK (£ per tonne)
2021-12-13,82.12,Europe (€ per tonne)
2021-12-13,73.32,UK (£ per tonne)
2021-12-14,79.48,Europe (€ per tonne)
2021-12-14,72.26,UK (£ per tonne)
2021-12-15,80.5,Europe (€ per tonne)
2021-12-15,74.23,UK (£ per tonne)
2021-12-16,84.77,Europe (€ per tonne)
2021-12-16,79.2,UK (£ per tonne)
2021-12-17,73.28,Europe (€ per tonne)
2021-12-17,76.03,UK (£ per tonne)
2021-12-18,73.28,Europe (€ per tonne)
2021-12-18,76.03,UK (£ per tonne)
2021-12-19,73.28,Europe (€ per tonne)
2021-12-19,76.03,UK (£ per tonne)
2021-12-20,79.38,Europe (€ per tonne)
2021-12-20,76.75,UK (£ per tonne)
2021-12-21,80.94,Europe (€ per tonne)
2021-12-21,78.5,UK (£ per tonne)
2021-12-22,76.83,Europe (€ per tonne)
2021-12-22,76.82,UK (£ per tonne)
2021-12-23,74.46,Europe (€ per tonne)
2021-12-23,75.5,UK (£ per tonne)
2021-12-24,76.31,Europe (€ per tonne)
2021-12-24,75.4,UK (£ per tonne)
2021-12-25,76.31,Europe (€ per tonne)
2021-12-25,75.4,UK (£ per tonne)
2021-12-26,76.31,Europe (€ per tonne)
2021-12-26,75.4,UK (£ per tonne)
2021-12-27,76.92,Europe (€ per tonne)
2021-12-27,75.4,UK (£ per tonne)
2021-12-28,79.29,Europe (€ per tonne)
2021-12-28,75.4,UK (£ per tonne)
2021-12-29,80.36,Europe (€ per tonne)
2021-12-29,75.5,UK (£ per tonne)
2021-12-30,80.16,Europe (€ per tonne)
2021-12-30,75.2,UK (£ per tonne)
2021-12-31,80.65,Europe (€ per tonne)
2021-12-31,74.6,UK (£ per tonne)
2022-01-01,80.65,Europe (€ per tonne)
2022-01-01,74.6,UK (£ per tonne)
2022-01-02,80.65,Europe (€ per tonne)
2022-01-02,74.6,UK (£ per tonne)
2022-01-03,84.01,Europe (€ per tonne)
2022-01-03,74.6,UK (£ per tonne)
2022-01-04,84.91,Europe (€ per tonne)
2022-01-04,75.44,UK (£ per tonne)
2022-01-05,87.58,Europe (€ per tonne)
2022-01-05,76.89,UK (£ per tonne)
2022-01-06,86.74,Europe (€ per tonne)
2022-01-06,76.4,UK (£ per tonne)
2022-01-07,85.42,Europe (€ per tonne)
2022-01-07,76.5,UK (£ per tonne)
2022-01-08,85.42,Europe (€ per tonne)
2022-01-08,76.5,UK (£ per tonne)
2022-01-09,85.42,Europe (€ per tonne)
2022-01-09,76.5,UK (£ per tonne)
2022-01-10,80.09,Europe (€ per tonne)
2022-01-10,73.75,UK (£ per tonne)
2022-01-11,81.3,Europe (€ per tonne)
2022-01-11,70.64,UK (£ per tonne)
2022-01-12,80.01,Europe (€ per tonne)
2022-01-12,69.54,UK (£ per tonne)
2022-01-13,80.56,Europe (€ per tonne)
2022-01-13,70.46,UK (£ per tonne)
2022-01-14,82.08,Europe (€ per tonne)
2022-01-14,72.95,UK (£ per tonne)
2022-01-15,82.08,Europe (€ per tonne)
2022-01-15,72.95,UK (£ per tonne)
2022-01-16,82.08,Europe (€ per tonne)
2022-01-16,72.95,UK (£ per tonne)
2022-01-17,80.58,Europe (€ per tonne)
2022-01-17,72.3,UK (£ per tonne)
2022-01-18,82.67,Europe (€ per tonne)
2022-01-18,73.37,UK (£ per tonne)
2022-01-19,82.09,Europe (€ per tonne)
2022-01-19,74.46,UK (£ per tonne)
2022-01-20,85.59,Europe (€ per tonne)
2022-01-20,78.9,UK (£ per tonne)
2022-01-21,84.47,Europe (€ per tonne)
2022-01-21,78.0,UK (£ per tonne)
2022-01-22,84.47,Europe (€ per tonne)
2022-01-22,78.0,UK (£ per tonne)
2022-01-23,84.47,Europe (€ per tonne)
2022-01-23,78.0,UK (£ per tonne)
2022-01-24,84.02,Europe (€ per tonne)
2022-01-24,78.86,UK (£ per tonne)
2022-01-25,87.45,Europe (€ per tonne)
2022-01-25,80.69,UK (£ per tonne)
2022-01-26,88.66,Europe (€ per tonne)
2022-01-26,83.17,UK (£ per tonne)
2022-01-27,89.76,Europe (€ per tonne)
2022-01-27,84.3,UK (£ per tonne)
2022-01-28,89.22,Europe (€ per tonne)
2022-01-28,84.7,UK (£ per tonne)
2022-01-29,89.22,Europe (€ per tonne)
2022-01-29,84.7,UK (£ per tonne)
2022-01-30,89.22,Europe (€ per tonne)
2022-01-30,84.7,UK (£ per tonne)
2022-01-31,89.24,Europe (€ per tonne)
2022-01-31,84.72,UK (£ per tonne)
2022-02-01,89.52,Europe (€ per tonne)
2022-02-01,82.66,UK (£ per tonne)
2022-02-02,94.21,Europe (€ per tonne)
2022-02-02,85.78,UK (£ per tonne)
2022-02-03,94.81,Europe (€ per tonne)
2022-02-03,85.93,UK (£ per tonne)
2022-02-04,96.45,Europe (€ per tonne)
2022-02-04,87.92,UK (£ per tonne)
2022-02-05,96.45,Europe (€ per tonne)
2022-02-05,87.92,UK (£ per tonne)
2022-02-06,96.45,Europe (€ per tonne)
2022-02-06,87.92,UK (£ per tonne)
2022-02-07,96.7,Europe (€ per tonne)
2022-02-07,87.17,UK (£ per tonne)
2022-02-08,96.93,Europe (€ per tonne)
2022-02-08,87.18,UK (£ per tonne)
2022-02-09,90.79,Europe (€ per tonne)
2022-02-09,82.28,UK (£ per tonne)
2022-02-10,90.78,Europe (€ per tonne)
2022-02-10,82.29,UK (£ per tonne)
2022-02-11,92.87,Europe (€ per tonne)
2022-02-11,83.65,UK (£ per tonne)
2022-02-12,92.87,Europe (€ per tonne)
2022-02-12,83.65,UK (£ per tonne)
2022-02-13,92.87,Europe (€ per tonne)
2022-02-13,83.65,UK (£ per tonne)
2022-02-14,91.76,Europe (€ per tonne)
2022-02-14,83.85,UK (£ per tonne)
2022-02-15,91.14,Europe (€ per tonne)
2022-02-15,84.5,UK (£ per tonne)
2022-02-16,89.86,Europe (€ per tonne)
2022-02-16,85.65,UK (£ per tonne)
2022-02-17,86.44,Europe (€ per tonne)
2022-02-17,84.25,UK (£ per tonne)
2022-02-18,89.47,Europe (€ per tonne)
2022-02-18,88.0,UK (£ per tonne)
2022-02-19,89.47,Europe (€ per tonne)
2022-02-19,88.0,UK (£ per tonne)
2022-02-20,89.47,Europe (€ per tonne)
2022-02-20,88.0,UK (£ per tonne)
2022-02-21,89.68,Europe (€ per tonne)
2022-02-21,87.85,UK (£ per tonne)
2022-02-22,89.77,Europe (€ per tonne)
2022-02-22,85.53,UK (£ per tonne)
2022-02-23,95.07,Europe (€ per tonne)
2022-02-23,87.22,UK (£ per tonne)
2022-02-24,87.03,Europe (€ per tonne)
2022-02-24,81.92,UK (£ per tonne)
2022-02-25,88.14,Europe (€ per tonne)
2022-02-25,83.86,UK (£ per tonne)
2022-02-26,88.14,Europe (€ per tonne)
2022-02-26,83.86,UK (£ per tonne)
2022-02-27,88.14,Europe (€ per tonne)
2022-02-27,83.86,UK (£ per tonne)
2022-02-28,82.21,Europe (€ per tonne)
2022-02-28,79.59,UK (£ per tonne)
2022-03-01,68.85,Europe (€ per tonne)
2022-03-01,70.75,UK (£ per tonne)
2022-03-02,68.49,Europe (€ per tonne)
2022-03-02,72.99,UK (£ per tonne)
2022-03-03,67.35,Europe (€ per tonne)
2022-03-03,72.05,UK (£ per tonne)
2022-03-04,65.1,Europe (€ per tonne)
2022-03-04,71.81,UK (£ per tonne)
2022-03-05,65.1,Europe (€ per tonne)
2022-03-05,71.81,UK (£ per tonne)
2022-03-06,65.1,Europe (€ per tonne)
2022-03-06,71.81,UK (£ per tonne)
2022-03-07,58.3,Europe (€ per tonne)
2022-03-07,69.17,UK (£ per tonne)
2022-03-08,68.51,Europe (€ per tonne)
2022-03-08,69.77,UK (£ per tonne)
2022-03-09,73.18,Europe (€ per tonne)
2022-03-09,68.29,UK (£ per tonne)
2022-03-10,76.41,Europe (€ per tonne)
2022-03-10,73.42,UK (£ per tonne)
2022-03-11,76.76,Europe (€ per tonne)
2022-03-11,76.0,UK (£ per tonne)
2022-03-12,76.76,Europe (€ per tonne)
2022-03-12,76.0,UK (£ per tonne)
2022-03-13,76.76,Europe (€ per tonne)
2022-03-13,76.0,UK (£ per tonne)
2022-03-14,78.28,Europe (€ per tonne)
2022-03-14,78.93,UK (£ per tonne)
2022-03-15,77.43,Europe (€ per tonne)
2022-03-15,80.43,UK (£ per tonne)
2022-03-16,78.16,Europe (€ per tonne)
2022-03-16,81.85,UK (£ per tonne)
2022-03-17,79.89,Europe (€ per tonne)
2022-03-17,82.94,UK (£ per tonne)
2022-03-18,78.89,Europe (€ per tonne)
2022-03-18,80.91,UK (£ per tonne)
2022-03-19,78.89,Europe (€ per tonne)
2022-03-19,80.91,UK (£ per tonne)
2022-03-20,78.89,Europe (€ per tonne)
2022-03-20,80.91,UK (£ per tonne)
2022-03-21,78.39,Europe (€ per tonne)
2022-03-21,78.68,UK (£ per tonne)
2022-03-22,80.67,Europe (€ per tonne)
2022-03-22,75.91,UK (£ per tonne)
2022-03-23,76.6,Europe (€ per tonne)
2022-03-23,76.18,UK (£ per tonne)
2022-03-24,78.24,Europe (€ per tonne)
2022-03-24,77.39,UK (£ per tonne)
2022-03-25,78.6,Europe (€ per tonne)
2022-03-25,76.71,UK (£ per tonne)
2022-03-26,78.6,Europe (€ per tonne)
2022-03-26,76.71,UK (£ per tonne)
2022-03-27,78.6,Europe (€ per tonne)
2022-03-27,76.71,UK (£ per tonne)
2022-03-28,80.81,Europe (€ per tonne)
2022-03-28,78.75,UK (£ per tonne)
2022-03-29,81.7,Europe (€ per tonne)
2022-03-29,80.29,UK (£ per tonne)
2022-03-30,78.31,Europe (€ per tonne)
2022-03-30,76.78,UK (£ per tonne)
2022-03-31,76.48,Europe (€ per tonne)
2022-03-31,75.77,UK (£ per tonne)
2022-04-01,78.49,Europe (€ per tonne)
2022-04-01,75.33,UK (£ per tonne)
2022-04-02,78.49,Europe (€ per tonne)
2022-04-02,75.33,UK (£ per tonne)
2022-04-03,78.49,Europe (€ per tonne)
2022-04-03,75.33,UK (£ per tonne)
2022-04-04,78.5,Europe (€ per tonne)
2022-04-04,74.25,UK (£ per tonne)
2022-04-05,78.05,Europe (€ per tonne)
2022-04-05,72.89,UK (£ per tonne)
2022-04-06,77.18,Europe (€ per tonne)
2022-04-06,72.66,UK (£ per tonne)
2022-04-07,79.94,Europe (€ per tonne)
2022-04-07,76.28,UK (£ per tonne)
2022-04-08,80.09,Europe (€ per tonne)
2022-04-08,77.75,UK (£ per tonne)
2022-04-09,80.09,Europe (€ per tonne)
2022-04-09,77.75,UK (£ per tonne)
2022-04-10,80.09,Europe (€ per tonne)
2022-04-10,77.75,UK (£ per tonne)
2022-04-11,77.95,Europe (€ per tonne)
2022-04-11,77.22,UK (£ per tonne)
2022-04-12,79.01,Europe (€ per tonne)
2022-04-12,77.45,UK (£ per tonne)
2022-04-13,77.44,Europe (€ per tonne)
2022-04-13,76.81,UK (£ per tonne)
2022-04-14,79.97,Europe (€ per tonne)
2022-04-14,77.9,UK (£ per tonne)
2022-04-15,79.97,Europe (€ per tonne)
2022-04-15,77.9,UK (£ per tonne)
2022-04-16,79.97,Europe (€ per tonne)
2022-04-16,77.9,UK (£ per tonne)
2022-04-17,79.97,Europe (€ per tonne)
2022-04-17,77.9,UK (£ per tonne)
2022-04-18,79.97,Europe (€ per tonne)
2022-04-18,77.9,UK (£ per tonne)
2022-04-19,80.2,Europe (€ per tonne)
2022-04-19,74.78,UK (£ per tonne)
2022-04-20,87.82,Europe (€ per tonne)
2022-04-20,79.6,UK (£ per tonne)
2022-04-21,86.44,Europe (€ per tonne)
2022-04-21,79.91,UK (£ per tonne)
2022-04-22,88.99,Europe (€ per tonne)
2022-04-22,82.55,UK (£ per tonne)
2022-04-23,88.99,Europe (€ per tonne)
2022-04-23,82.55,UK (£ per tonne)
2022-04-24,88.99,Europe (€ per tonne)
2022-04-24,82.55,UK (£ per tonne)
2022-04-25,83.46,Europe (€ per tonne)
2022-04-25,80.91,UK (£ per tonne)
2022-04-26,82.71,Europe (€ per tonne)
2022-04-26,81.63,UK (£ per tonne)
2022-04-27,81.01,Europe (€ per tonne)
2022-04-27,80.33,UK (£ per tonne)
2022-04-28,82.68,Europe (€ per tonne)
2022-04-28,81.15,UK (£ per tonne)
2022-04-29,84.45,Europe (€ per tonne)
2022-04-29,80.75,UK (£ per tonne)
2022-04-30,84.45,Europe (€ per tonne)
2022-04-30,80.75,UK (£ per tonne)
2022-05-01,84.45,Europe (€ per tonne)
2022-05-01,80.75,UK (£ per tonne)
2022-05-02,83.04,Europe (€ per tonne)
2022-05-02,80.75,UK (£ per tonne)
2022-05-03,88.19,Europe (€ per tonne)
2022-05-03,82.88,UK (£ per tonne)
2022-05-04,88.31,Europe (€ per tonne)
2022-05-04,82.64,UK (£ per tonne)
2022-05-05,88.91,Europe (€ per tonne)
2022-05-05,84.65,UK (£ per tonne)
2022-05-06,91.54,Europe (€ per tonne)
2022-05-06,88.8,UK (£ per tonne)
2022-05-07,91.54,Europe (€ per tonne)
2022-05-07,88.8,UK (£ per tonne)
2022-05-08,91.54,Europe (€ per tonne)
2022-05-08,88.8,UK (£ per tonne)
2022-05-09,87.02,Europe (€ per tonne)
2022-05-09,87.25,UK (£ per tonne)
2022-05-10,87.34,Europe (€ per tonne)
2022-05-10,87.37,UK (£ per tonne)
2022-05-11,88.83,Europe (€ per tonne)
2022-05-11,88.97,UK (£ per tonne)
2022-05-12,88.26,Europe (€ per tonne)
2022-05-12,85.83,UK (£ per tonne)
2022-05-13,88.48,Europe (€ per tonne)
2022-05-13,84.1,UK (£ per tonne)
2022-05-14,88.48,Europe (€ per tonne)
2022-05-14,84.1,UK (£ per tonne)
2022-05-15,88.48,Europe (€ per tonne)
2022-05-15,84.1,UK (£ per tonne)
2022-05-16,89.56,Europe (€ per tonne)
2022-05-16,84.72,UK (£ per tonne)
2022-05-17,91.72,Europe (€ per tonne)
2022-05-17,85.5,UK (£ per tonne)
2022-05-18,84.64,Europe (€ per tonne)
2022-05-18,83.07,UK (£ per tonne)
2022-05-19,83.18,Europe (€ per tonne)
2022-05-19,83.45,UK (£ per tonne)
2022-05-20,80.39,Europe (€ per tonne)
2022-05-20,82.37,UK (£ per tonne)
2022-05-21,80.39,Europe (€ per tonne)
2022-05-21,82.37,UK (£ per tonne)
2022-05-22,80.39,Europe (€ per tonne)
2022-05-22,82.37,UK (£ per tonne)
2022-05-23,78.15,Europe (€ per tonne)
2022-05-23,80.1,UK (£ per tonne)
2022-05-24,81.32,Europe (€ per tonne)
2022-05-24,80.4,UK (£ per tonne)
2022-05-25,81.4,Europe (€ per tonne)
2022-05-25,80.31,UK (£ per tonne)
2022-05-26,84.76,Europe (€ per tonne)
2022-05-26,82.47,UK (£ per tonne)
2022-05-27,84.2,Europe (€ per tonne)
2022-05-27,82.19,UK (£ per tonne)
2022-05-28,84.2,Europe (€ per tonne)
2022-05-28,82.19,UK (£ per tonne)
2022-05-29,84.2,Europe (€ per tonne)
2022-05-29,82.19,UK (£ per tonne)
2022-05-30,83.97,Europe (€ per tonne)
2022-05-30,81.17,UK (£ per tonne)
2022-05-31,84.02,Europe (€ per tonne)
2022-05-31,82.59,UK (£ per tonne)
2022-06-01,86.08,Europe (€ per tonne)
2022-06-01,82.66,UK (£ per tonne)
2022-06-02,86.34,Europe (€ per tonne)
2022-06-02,82.66,UK (£ per tonne)
2022-06-03,86.87,Europe (€ per tonne)
2022-06-03,82.66,UK (£ per tonne)
2022-06-04,86.87,Europe (€ per tonne)
2022-06-04,82.66,UK (£ per tonne)
2022-06-05,86.87,Europe (€ per tonne)
2022-06-05,82.66,UK (£ per tonne)
2022-06-06,81.43,Europe (€ per tonne)
2022-06-06,81.8,UK (£ per tonne)
2022-06-07,81.31,Europe (€ per tonne)
2022-06-07,82.56,UK (£ per tonne)
2022-06-08,79.81,Europe (€ per tonne)
2022-06-08,81.78,UK (£ per tonne)
2022-06-09,81.01,Europe (€ per tonne)
2022-06-09,82.24,UK (£ per tonne)
2022-06-10,81.86,Europe (€ per tonne)
2022-06-10,81.75,UK (£ per tonne)
2022-06-11,81.86,Europe (€ per tonne)
2022-06-11,81.75,UK (£ per tonne)
2022-06-12,81.86,Europe (€ per tonne)
2022-06-12,81.75,UK (£ per tonne)
2022-06-13,81.54,Europe (€ per tonne)
2022-06-13,81.2,UK (£ per tonne)
2022-06-14,84.15,Europe (€ per tonne)
2022-06-14,82.11,UK (£ per tonne)
2022-06-15,86.2,Europe (€ per tonne)
2022-06-15,82.37,UK (£ per tonne)
2022-06-16,83.0,Europe (€ per tonne)
2022-06-16,82.0,UK (£ per tonne)
2022-06-17,82.37,Europe (€ per tonne)
2022-06-17,81.35,UK (£ per tonne)
2022-06-18,82.37,Europe (€ per tonne)
2022-06-18,81.35,UK (£ per tonne)
2022-06-19,82.37,Europe (€ per tonne)
2022-06-19,81.35,UK (£ per tonne)
2022-06-20,84.0,Europe (€ per tonne)
2022-06-20,81.98,UK (£ per tonne)
2022-06-21,84.73,Europe (€ per tonne)
2022-06-21,81.5,UK (£ per tonne)
2022-06-22,81.88,Europe (€ per tonne)
2022-06-22,80.38,UK (£ per tonne)
2022-06-23,84.13,Europe (€ per tonne)
2022-06-23,80.28,UK (£ per tonne)
2022-06-24,83.43,Europe (€ per tonne)
2022-06-24,80.98,UK (£ per tonne)
2022-06-25,83.43,Europe (€ per tonne)
2022-06-25,80.98,UK (£ per tonne)
2022-06-26,83.43,Europe (€ per tonne)
2022-06-26,80.98,UK (£ per tonne)
2022-06-27,85.05,Europe (€ per tonne)
2022-06-27,81.24,UK (£ per tonne)
2022-06-28,87.4,Europe (€ per tonne)
2022-06-28,82.85,UK (£ per tonne)
2022-06-29,88.35,Europe (€ per tonne)
2022-06-29,83.46,UK (£ per tonne)
2022-06-30,90.16,Europe (€ per tonne)
2022-06-30,84.99,UK (£ per tonne)
2022-07-01,85.58,Europe (€ per tonne)
2022-07-01,85.49,UK (£ per tonne)
2022-07-02,85.58,Europe (€ per tonne)
2022-07-02,85.49,UK (£ per tonne)
2022-07-03,85.58,Europe (€ per tonne)
2022-07-03,85.49,UK (£ per tonne)
2022-07-04,84.55,Europe (€ per tonne)
2022-07-04,85.38,UK (£ per tonne)
2022-07-05,83.19,Europe (€ per tonne)
2022-07-05,84.8,UK (£ per tonne)
2022-07-06,83.22,Europe (€ per tonne)
2022-07-06,83.01,UK (£ per tonne)
2022-07-07,84.92,Europe (€ per tonne)
2022-07-07,81.8,UK (£ per tonne)
2022-07-08,82.79,Europe (€ per tonne)
2022-07-08,81.5,UK (£ per tonne)
2022-07-09,82.79,Europe (€ per tonne)
2022-07-09,81.5,UK (£ per tonne)
2022-07-10,82.79,Europe (€ per tonne)
2022-07-10,81.5,UK (£ per tonne)
2022-07-11,84.36,Europe (€ per tonne)
2022-07-11,82.35,UK (£ per tonne)
2022-07-12,85.65,Europe (€ per tonne)
2022-07-12,82.54,UK (£ per tonne)
2022-07-13,83.86,Europe (€ per tonne)
2022-07-13,81.35,UK (£ per tonne)
2022-07-14,83.97,Europe (€ per tonne)
2022-07-14,81.4,UK (£ per tonne)
2022-07-15,85.38,Europe (€ per tonne)
2022-07-15,83.37,UK (£ per tonne)
2022-07-16,85.38,Europe (€ per tonne)
2022-07-16,83.37,UK (£ per tonne)
2022-07-17,85.38,Europe (€ per tonne)
2022-07-17,83.37,UK (£ per tonne)
2022-07-18,84.94,Europe (€ per tonne)
2022-07-18,83.95,UK (£ per tonne)
2022-07-19,83.65,Europe (€ per tonne)
2022-07-19,83.14,UK (£ per tonne)
2022-07-20,78.84,Europe (€ per tonne)
2022-07-20,78.63,UK (£ per tonne)
2022-07-21,78.11,Europe (€ per tonne)
2022-07-21,78.27,UK (£ per tonne)
2022-07-22,76.3,Europe (€ per tonne)
2022-07-22,77.03,UK (£ per tonne)
2022-07-23,76.3,Europe (€ per tonne)
2022-07-23,77.03,UK (£ per tonne)
2022-07-24,76.3,Europe (€ per tonne)
2022-07-24,77.03,UK (£ per tonne)
2022-07-25,76.37,Europe (€ per tonne)
2022-07-25,76.25,UK (£ per tonne)
2022-07-26,76.68,Europe (€ per tonne)
2022-07-26,76.89,UK (£ per tonne)
2022-07-27,76.14,Europe (€ per tonne)
2022-07-27,76.11,UK (£ per tonne)
2022-07-28,78.96,Europe (€ per tonne)
2022-07-28,77.9,UK (£ per tonne)
2022-07-29,78.55,Europe (€ per tonne)
2022-07-29,78.33,UK (£ per tonne)
2022-07-30,78.55,Europe (€ per tonne)
2022-07-30,78.33,UK (£ per tonne)
2022-07-31,78.55,Europe (€ per tonne)
2022-07-31,78.33,UK (£ per tonne)
2022-08-01,80.58,Europe (€ per tonne)
2022-08-01,78.78,UK (£ per tonne)
2022-08-02,81.95,Europe (€ per tonne)
2022-08-02,79.21,UK (£ per tonne)
2022-08-03,83.99,Europe (€ per tonne)
2022-08-03,80.52,UK (£ per tonne)
2022-08-04,84.19,Europe (€ per tonne)
2022-08-04,80.31,UK (£ per tonne)
2022-08-05,84.76,Europe (€ per tonne)
2022-08-05,81.31,UK (£ per tonne)
2022-08-06,84.76,Europe (€ per tonne)
2022-08-06,81.31,UK (£ per tonne)
2022-08-07,84.76,Europe (€ per tonne)
2022-08-07,81.31,UK (£ per tonne)
2022-08-08,83.81,Europe (€ per tonne)
2022-08-08,81.39,UK (£ per tonne)
2022-08-09,85.93,Europe (€ per tonne)
2022-08-09,82.23,UK (£ per tonne)
2022-08-10,85.92,Europe (€ per tonne)
2022-08-10,82.3,UK (£ per tonne)
2022-08-11,87.55,Europe (€ per tonne)
2022-08-11,84.8,UK (£ per tonne)
2022-08-12,88.87,Europe (€ per tonne)
2022-08-12,86.81,UK (£ per tonne)
2022-08-13,88.87,Europe (€ per tonne)
2022-08-13,86.81,UK (£ per tonne)
2022-08-14,88.87,Europe (€ per tonne)
2022-08-14,86.81,UK (£ per tonne)
2022-08-15,90.78,Europe (€ per tonne)
2022-08-15,89.94,UK (£ per tonne)
2022-08-16,92.08,Europe (€ per tonne)
2022-08-16,92.76,UK (£ per tonne)
2022-08-17,95.8,Europe (€ per tonne)
2022-08-17,94.38,UK (£ per tonne)
2022-08-18,96.04,Europe (€ per tonne)
2022-08-18,94.78,UK (£ per tonne)
2022-08-19,98.01,Europe (€ per tonne)
2022-08-19,97.75,UK (£ per tonne)
2022-08-20,98.01,Europe (€ per tonne)
2022-08-20,97.75,UK (£ per tonne)
2022-08-21,98.01,Europe (€ per tonne)
2022-08-21,97.75,UK (£ per tonne)
2022-08-22,92.17,Europe (€ per tonne)
2022-08-22,94.92,UK (£ per tonne)
2022-08-23,89.29,Europe (€ per tonne)
2022-08-23,93.16,UK (£ per tonne)
2022-08-24,89.24,Europe (€ per tonne)
2022-08-24,93.14,UK (£ per tonne)
2022-08-25,89.31,Europe (€ per tonne)
2022-08-25,95.33,UK (£ per tonne)
2022-08-26,90.31,Europe (€ per tonne)
2022-08-26,97.3,UK (£ per tonne)
2022-08-27,90.31,Europe (€ per tonne)
2022-08-27,97.3,UK (£ per tonne)
2022-08-28,90.31,Europe (€ per tonne)
2022-08-28,97.3,UK (£ per tonne)
2022-08-29,86.66,Europe (€ per tonne)
2022-08-29,97.3,UK (£ per tonne)
2022-08-30,80.81,Europe (€ per tonne)
2022-08-30,92.63,UK (£ per tonne)
2022-08-31,80.03,Europe (€ per tonne)
2022-08-31,97.09,UK (£ per tonne)
2022-09-01,80.79,Europe (€ per tonne)
2022-09-01,97.01,UK (£ per tonne)
2022-09-02,77.89,Europe (€ per tonne)
2022-09-02,95.75,UK (£ per tonne)
2022-09-03,77.89,Europe (€ per tonne)
2022-09-03,95.75,UK (£ per tonne)
2022-09-04,77.89,Europe (€ per tonne)
2022-09-04,95.75,UK (£ per tonne)
2022-09-05,74.45,Europe (€ per tonne)
2022-09-05,92.25,UK (£ per tonne)
2022-09-06,69.88,Europe (€ per tonne)
2022-09-06,87.13,UK (£ per tonne)
2022-09-07,69.03,Europe (€ per tonne)
2022-09-07,80.0,UK (£ per tonne)
2022-09-08,67.24,Europe (€ per tonne)
2022-09-08,76.43,UK (£ per tonne)
2022-09-09,66.08,Europe (€ per tonne)
2022-09-09,76.67,UK (£ per tonne)
2022-09-10,66.08,Europe (€ per tonne)
2022-09-10,76.67,UK (£ per tonne)
2022-09-11,66.08,Europe (€ per tonne)
2022-09-11,76.67,UK (£ per tonne)
2022-09-12,71.82,Europe (€ per tonne)
2022-09-12,79.86,UK (£ per tonne)
2022-09-13,69.75,Europe (€ per tonne)
2022-09-13,78.99,UK (£ per tonne)
2022-09-14,72.54,Europe (€ per tonne)
2022-09-14,79.25,UK (£ per tonne)
2022-09-15,71.85,Europe (€ per tonne)
2022-09-15,77.48,UK (£ per tonne)
2022-09-16,73.27,Europe (€ per tonne)
2022-09-16,76.57,UK (£ per tonne)
2022-09-17,73.27,Europe (€ per tonne)
2022-09-17,76.57,UK (£ per tonne)
2022-09-18,73.27,Europe (€ per tonne)
2022-09-18,76.57,UK (£ per tonne)
2022-09-19,71.1,Europe (€ per tonne)
2022-09-19,74.88,UK (£ per tonne)
2022-09-20,71.14,Europe (€ per tonne)
2022-09-20,73.92,UK (£ per tonne)
2022-09-21,69.79,Europe (€ per tonne)
2022-09-21,74.75,UK (£ per tonne)
2022-09-22,70.44,Europe (€ per tonne)
2022-09-22,75.76,UK (£ per tonne)
2022-09-23,65.77,Europe (€ per tonne)
2022-09-23,74.03,UK (£ per tonne)
2022-09-24,65.77,Europe (€ per tonne)
2022-09-24,74.03,UK (£ per tonne)
2022-09-25,65.77,Europe (€ per tonne)
2022-09-25,74.03,UK (£ per tonne)
2022-09-26,70.33,Europe (€ per tonne)
2022-09-26,75.28,UK (£ per tonne)
2022-09-27,67.96,Europe (€ per tonne)
2022-09-27,75.67,UK (£ per tonne)
2022-09-28,65.15,Europe (€ per tonne)
2022-09-28,75.26,UK (£ per tonne)
2022-09-29,65.73,Europe (€ per tonne)
2022-09-29,74.95,UK (£ per tonne)
2022-09-30,66.73,Europe (€ per tonne)
2022-09-30,75.03,UK (£ per tonne)
2022-10-01,66.73,Europe (€ per tonne)
2022-10-01,75.03,UK (£ per tonne)
2022-10-02,66.73,Europe (€ per tonne)
2022-10-02,75.03,UK (£ per tonne)
2022-10-03,65.94,Europe (€ per tonne)
2022-10-03,74.03,UK (£ per tonne)
2022-10-04,66.92,Europe (€ per tonne)
2022-10-04,73.63,UK (£ per tonne)
2022-10-05,67.07,Europe (€ per tonne)
2022-10-05,72.8,UK (£ per tonne)
2022-10-06,68.96,Europe (€ per tonne)
2022-10-06,73.77,UK (£ per tonne)
2022-10-07,69.85,Europe (€ per tonne)
2022-10-07,74.6,UK (£ per tonne)
2022-10-08,69.85,Europe (€ per tonne)
2022-10-08,74.6,UK (£ per tonne)
2022-10-09,69.85,Europe (€ per tonne)
2022-10-09,74.6,UK (£ per tonne)
2022-10-10,66.77,Europe (€ per tonne)
2022-10-10,71.74,UK (£ per tonne)
2022-10-11,66.34,Europe (€ per tonne)
2022-10-11,70.47,UK (£ per tonne)
2022-10-12,66.71,Europe (€ per tonne)
2022-10-12,71.85,UK (£ per tonne)
2022-10-13,68.84,Europe (€ per tonne)
2022-10-13,72.9,UK (£ per tonne)
2022-10-14,68.02,Europe (€ per tonne)
2022-10-14,71.01,UK (£ per tonne)
2022-10-15,68.02,Europe (€ per tonne)
2022-10-15,71.01,UK (£ per tonne)
2022-10-16,68.02,Europe (€ per tonne)
2022-10-16,71.01,UK (£ per tonne)
2022-10-17,67.51,Europe (€ per tonne)
2022-10-17,70.2,UK (£ per tonne)
2022-10-18,67.77,Europe (€ per tonne)
2022-10-18,70.19,UK (£ per tonne)
2022-10-19,67.29,Europe (€ per tonne)
2022-10-19,68.71,UK (£ per tonne)
2022-10-20,66.87,Europe (€ per tonne)
2022-10-20,68.72,UK (£ per tonne)
2022-10-21,68.72,Europe (€ per tonne)
2022-10-21,69.57,UK (£ per tonne)
2022-10-22,68.72,Europe (€ per tonne)
2022-10-22,69.57,UK (£ per tonne)
2022-10-23,68.72,Europe (€ per tonne)
2022-10-23,69.57,UK (£ per tonne)
2022-10-24,72.32,Europe (€ per tonne)
2022-10-24,72.05,UK (£ per tonne)
2022-10-25,77.11,Europe (€ per tonne)
2022-10-25,75.97,UK (£ per tonne)
2022-10-26,75.79,Europe (€ per tonne)
2022-10-26,76.0,UK (£ per tonne)
2022-10-27,80.21,Europe (€ per tonne)
2022-10-27,77.95,UK (£ per tonne)
2022-10-28,81.21,Europe (€ per tonne)
2022-10-28,78.36,UK (£ per tonne)
2022-10-29,81.21,Europe (€ per tonne)
2022-10-29,78.36,UK (£ per tonne)
2022-10-30,81.21,Europe (€ per tonne)
2022-10-30,78.36,UK (£ per tonne)
2022-10-31,79.97,Europe (€ per tonne)
2022-10-31,77.65,UK (£ per tonne)
2022-11-01,76.72,Europe (€ per tonne)
2022-11-01,74.71,UK (£ per tonne)
2022-11-02,76.7,Europe (€ per tonne)
2022-11-02,73.68,UK (£ per tonne)
2022-11-03,76.28,Europe (€ per tonne)
2022-11-03,73.29,UK (£ per tonne)
2022-11-04,76.36,Europe (€ per tonne)
2022-11-04,73.74,UK (£ per tonne)
2022-11-05,76.36,Europe (€ per tonne)
2022-11-05,73.74,UK (£ per tonne)
2022-11-06,76.36,Europe (€ per tonne)
2022-11-06,73.74,UK (£ per tonne)
2022-11-07,77.49,Europe (€ per tonne)
2022-11-07,74.59,UK (£ per tonne)
2022-11-08,76.06,Europe (€ per tonne)
2022-11-08,73.9,UK (£ per tonne)
2022-11-09,72.76,Europe (€ per tonne)
2022-11-09,72.36,UK (£ per tonne)
2022-11-10,73.05,Europe (€ per tonne)
2022-11-10,70.86,UK (£ per tonne)
2022-11-11,75.84,Europe (€ per tonne)
2022-11-11,71.71,UK (£ per tonne)
2022-11-12,75.84,Europe (€ per tonne)
2022-11-12,71.71,UK (£ per tonne)
2022-11-13,75.84,Europe (€ per tonne)
2022-11-13,71.71,UK (£ per tonne)
2022-11-14,75.23,Europe (€ per tonne)
2022-11-14,70.25,UK (£ per tonne)
2022-11-15,76.65,Europe (€ per tonne)
2022-11-15,69.41,UK (£ per tonne)
2022-11-16,73.41,Europe (€ per tonne)
2022-11-16,67.76,UK (£ per tonne)
2022-11-17,72.4,Europe (€ per tonne)
2022-11-17,67.12,UK (£ per tonne)
2022-11-18,72.47,Europe (€ per tonne)
2022-11-18,66.55,UK (£ per tonne)
2022-11-19,72.47,Europe (€ per tonne)
2022-11-19,66.55,UK (£ per tonne)
2022-11-20,72.47,Europe (€ per tonne)
2022-11-20,66.55,UK (£ per tonne)
2022-11-21,74.61,Europe (€ per tonne)
2022-11-21,67.82,UK (£ per tonne)
2022-11-22,73.89,Europe (€ per tonne)
2022-11-22,67.04,UK (£ per tonne)
2022-11-23,75.87,Europe (€ per tonne)
2022-11-23,67.98,UK (£ per tonne)
2022-11-24,78.27,Europe (€ per tonne)
2022-11-24,69.78,UK (£ per tonne)
2022-11-25,78.86,Europe (€ per tonne)
2022-11-25,69.27,UK (£ per tonne)
2022-11-26,78.86,Europe (€ per tonne)
2022-11-26,69.27,UK (£ per tonne)
2022-11-27,78.86,Europe (€ per tonne)
2022-11-27,69.27,UK (£ per tonne)
2022-11-28,78.81,Europe (€ per tonne)
2022-11-28,68.73,UK (£ per tonne)
2022-11-29,81.25,Europe (€ per tonne)
2022-11-29,69.08,UK (£ per tonne)
2022-11-30,84.69,Europe (€ per tonne)
2022-11-30,71.32,UK (£ per tonne)
2022-12-01,85.22,Europe (€ per tonne)
2022-12-01,75.17,UK (£ per tonne)
2022-12-02,87.67,Europe (€ per tonne)
2022-12-02,79.18,UK (£ per tonne)
2022-12-03,87.67,Europe (€ per tonne)
2022-12-03,79.18,UK (£ per tonne)
2022-12-04,87.67,Europe (€ per tonne)
2022-12-04,79.18,UK (£ per tonne)
2022-12-05,87.31,Europe (€ per tonne)
2022-12-05,79.82,UK (£ per tonne)
2022-12-06,87.69,Europe (€ per tonne)
2022-12-06,79.17,UK (£ per tonne)
2022-12-07,88.07,Europe (€ per tonne)
2022-12-07,77.91,UK (£ per tonne)
2022-12-08,88.67,Europe (€ per tonne)
2022-12-08,76.11,UK (£ per tonne)
2022-12-09,87.84,Europe (€ per tonne)
2022-12-09,74.72,UK (£ per tonne)
2022-12-10,87.84,Europe (€ per tonne)
2022-12-10,74.72,UK (£ per tonne)
2022-12-11,87.84,Europe (€ per tonne)
2022-12-11,74.72,UK (£ per tonne)
2022-12-12,90.17,Europe (€ per tonne)
2022-12-12,74.59,UK (£ per tonne)
2022-12-13,88.64,Europe (€ per tonne)
2022-12-13,72.57,UK (£ per tonne)
2022-12-14,86.61,Europe (€ per tonne)
2022-12-14,70.05,UK (£ per tonne)
2022-12-15,85.5,Europe (€ per tonne)
2022-12-15,70.61,UK (£ per tonne)
2022-12-16,83.82,Europe (€ per tonne)
2022-12-16,70.91,UK (£ per tonne)
2022-12-17,83.82,Europe (€ per tonne)
2022-12-17,70.91,UK (£ per tonne)
2022-12-18,83.82,Europe (€ per tonne)
2022-12-18,70.91,UK (£ per tonne)
2022-12-19,84.11,Europe (€ per tonne)
2022-12-19,69.15,UK (£ per tonne)
2022-12-20,90.22,Europe (€ per tonne)
2022-12-20,74.03,UK (£ per tonne)
2022-12-21,87.9,Europe (€ per tonne)
2022-12-21,72.92,UK (£ per tonne)
2022-12-22,89.27,Europe (€ per tonne)
2022-12-22,74.94,UK (£ per tonne)
2022-12-23,89.37,Europe (€ per tonne)
2022-12-23,76.21,UK (£ per tonne)
2022-12-24,89.37,Europe (€ per tonne)
2022-12-24,76.21,UK (£ per tonne)
2022-12-25,89.37,Europe (€ per tonne)
2022-12-25,76.21,UK (£ per tonne)
2022-12-26,89.37,Europe (€ per tonne)
2022-12-26,76.21,UK (£ per tonne)
2022-12-27,88.3,Europe (€ per tonne)
2022-12-27,76.21,UK (£ per tonne)
2022-12-28,86.05,Europe (€ per tonne)
2022-12-28,73.42,UK (£ per tonne)
2022-12-29,84.4,Europe (€ per tonne)
2022-12-29,72.41,UK (£ per tonne)
2022-12-30,83.97,Europe (€ per tonne)
2022-12-30,73.25,UK (£ per tonne)
2022-12-31,83.97,Europe (€ per tonne)
2022-12-31,73.25,UK (£ per tonne)
2023-01-01,83.97,Europe (€ per tonne)
2023-01-01,73.25,UK (£ per tonne)
2023-01-02,86.28,Europe (€ per tonne)
2023-01-02,73.25,UK (£ per tonne)
2023-01-03,83.57,Europe (€ per tonne)
2023-01-03,70.73,UK (£ per tonne)
2023-01-04,77.78,Europe (€ per tonne)
2023-01-04,67.08,UK (£ per tonne)
2023-01-05,78.83,Europe (€ per tonne)
2023-01-05,67.28,UK (£ per tonne)
2023-01-06,77.39,Europe (€ per tonne)
2023-01-06,67.88,UK (£ per tonne)
2023-01-07,77.39,Europe (€ per tonne)
2023-01-07,67.88,UK (£ per tonne)
2023-01-08,77.39,Europe (€ per tonne)
2023-01-08,67.88,UK (£ per tonne)
2023-01-09,81.45,Europe (€ per tonne)
2023-01-09,69.38,UK (£ per tonne)
2023-01-10,80.54,Europe (€ per tonne)
2023-01-10,68.3,UK (£ per tonne)
2023-01-11,79.0,Europe (€ per tonne)
2023-01-11,66.82,UK (£ per tonne)
2023-01-12,80.24,Europe (€ per tonne)
2023-01-12,67.35,UK (£ per tonne)
2023-01-13,79.86,Europe (€ per tonne)
2023-01-13,67.18,UK (£ per tonne)
2023-01-14,79.86,Europe (€ per tonne)
2023-01-14,67.18,UK (£ per tonne)
2023-01-15,79.86,Europe (€ per tonne)
2023-01-15,67.18,UK (£ per tonne)
2023-01-16,77.57,Europe (€ per tonne)
2023-01-16,65.71,UK (£ per tonne)
2023-01-17,79.56,Europe (€ per tonne)
2023-01-17,66.94,UK (£ per tonne)
2023-01-18,83.26,Europe (€ per tonne)
2023-01-18,69.04,UK (£ per tonne)
2023-01-19,83.9,Europe (€ per tonne)
2023-01-19,68.75,UK (£ per tonne)
2023-01-20,85.08,Europe (€ per tonne)
2023-01-20,68.18,UK (£ per tonne)
2023-01-21,85.08,Europe (€ per tonne)
2023-01-21,68.18,UK (£ per tonne)
2023-01-22,85.08,Europe (€ per tonne)
2023-01-22,68.18,UK (£ per tonne)
2023-01-23,85.19,Europe (€ per tonne)
2023-01-23,67.09,UK (£ per tonne)
2023-01-24,81.67,Europe (€ per tonne)
2023-01-24,65.61,UK (£ per tonne)
2023-01-25,84.26,Europe (€ per tonne)
2023-01-25,67.21,UK (£ per tonne)
2023-01-26,89.36,Europe (€ per tonne)
2023-01-26,72.32,UK (£ per tonne)
2023-01-27,89.23,Europe (€ per tonne)
2023-01-27,73.34,UK (£ per tonne)
2023-01-28,89.23,Europe (€ per tonne)
2023-01-28,73.34,UK (£ per tonne)
2023-01-29,89.23,Europe (€ per tonne)
2023-01-29,73.34,UK (£ per tonne)
2023-01-30,89.61,Europe (€ per tonne)
2023-01-30,73.97,UK (£ per tonne)
2023-01-31,93.01,Europe (€ per tonne)
2023-01-31,76.53,UK (£ per tonne)
2023-02-01,95.45,Europe (€ per tonne)
2023-02-01,78.87,UK (£ per tonne)
2023-02-02,93.01,Europe (€ per tonne)
2023-02-02,79.42,UK (£ per tonne)
2023-02-03,93.29,Europe (€ per tonne)
2023-02-03,83.87,UK (£ per tonne)
2023-02-04,93.29,Europe (€ per tonne)
2023-02-04,83.87,UK (£ per tonne)
2023-02-05,93.29,Europe (€ per tonne)
2023-02-05,83.87,UK (£ per tonne)
2023-02-06,90.88,Europe (€ per tonne)
2023-02-06,80.7,UK (£ per tonne)
2023-02-07,90.29,Europe (€ per tonne)
2023-02-07,81.43,UK (£ per tonne)
2023-02-08,90.28,Europe (€ per tonne)
2023-02-08,81.93,UK (£ per tonne)
2023-02-09,90.96,Europe (€ per tonne)
2023-02-09,82.72,UK (£ per tonne)
2023-02-10,93.03,Europe (€ per tonne)
2023-02-10,83.86,UK (£ per tonne)
2023-02-11,93.03,Europe (€ per tonne)
2023-02-11,83.86,UK (£ per tonne)
2023-02-12,93.03,Europe (€ per tonne)
2023-02-12,83.86,UK (£ per tonne)
2023-02-13,92.22,Europe (€ per tonne)
2023-02-13,83.06,UK (£ per tonne)
2023-02-14,92.05,Europe (€ per tonne)
2023-02-14,81.96,UK (£ per tonne)
2023-02-15,94.37,Europe (€ per tonne)
2023-02-15,83.33,UK (£ per tonne)
2023-02-16,97.54,Europe (€ per tonne)
2023-02-16,83.55,UK (£ per tonne)
2023-02-17,96.25,Europe (€ per tonne)
2023-02-17,83.09,UK (£ per tonne)
2023-02-18,96.25,Europe (€ per tonne)
2023-02-18,83.09,UK (£ per tonne)
2023-02-19,96.25,Europe (€ per tonne)
2023-02-19,83.09,UK (£ per tonne)
2023-02-20,98.35,Europe (€ per tonne)
2023-02-20,84.55,UK (£ per tonne)
2023-02-21,100.34,Europe (€ per tonne)
2023-02-21,85.41,UK (£ per tonne)
2023-02-22,96.77,Europe (€ per tonne)
2023-02-22,82.41,UK (£ per tonne)
2023-02-23,97.58,Europe (€ per tonne)
2023-02-23,82.76,UK (£ per tonne)
2023-02-24,97.39,Europe (€ per tonne)
2023-02-24,83.57,UK (£ per tonne)
2023-02-25,97.39,Europe (€ per tonne)
2023-02-25,83.57,UK (£ per tonne)
2023-02-26,97.39,Europe (€ per tonne)
2023-02-26,83.57,UK (£ per tonne)
2023-02-27,100.23,Europe (€ per tonne)
2023-02-27,85.24,UK (£ per tonne)
2023-02-28,99.8,Europe (€ per tonne)
2023-02-28,84.67,UK (£ per tonne)
2023-03-01,96.92,Europe (€ per tonne)
2023-03-01,83.45,UK (£ per tonne)
2023-03-02,93.38,Europe (€ per tonne)
2023-03-02,81.55,UK (£ per tonne)
2023-03-03,92.18,Europe (€ per tonne)
2023-03-03,80.18,UK (£ per tonne)
2023-03-04,92.18,Europe (€ per tonne)
2023-03-04,80.18,UK (£ per tonne)
2023-03-05,92.18,Europe (€ per tonne)
2023-03-05,80.18,UK (£ per tonne)
2023-03-06,92.98,Europe (€ per tonne)
2023-03-06,79.14,UK (£ per tonne)
2023-03-07,95.69,Europe (€ per tonne)
2023-03-07,81.14,UK (£ per tonne)
2023-03-08,97.85,Europe (€ per tonne)
2023-03-08,83.14,UK (£ per tonne)
2023-03-09,98.42,Europe (€ per tonne)
2023-03-09,83.74,UK (£ per tonne)
2023-03-10,99.8,Europe (€ per tonne)
2023-03-10,84.97,UK (£ per tonne)
2023-03-11,99.8,Europe (€ per tonne)
2023-03-11,84.97,UK (£ per tonne)
2023-03-12,99.8,Europe (€ per tonne)
2023-03-12,84.97,UK (£ per tonne)
2023-03-13,97.13,Europe (€ per tonne)
2023-03-13,83.2,UK (£ per tonne)
2023-03-14,92.68,Europe (€ per tonne)
2023-03-14,79.9,UK (£ per tonne)
2023-03-15,89.2,Europe (€ per tonne)
2023-03-15,76.3,UK (£ per tonne)
2023-03-16,87.07,Europe (€ per tonne)
2023-03-16,73.4,UK (£ per tonne)
2023-03-17,87.29,Europe (€ per tonne)
2023-03-17,73.48,UK (£ per tonne)
2023-03-18,87.29,Europe (€ per tonne)
2023-03-18,73.48,UK (£ per tonne)
2023-03-19,87.29,Europe (€ per tonne)
2023-03-19,73.48,UK (£ per tonne)
2023-03-20,87.83,Europe (€ per tonne)
2023-03-20,73.32,UK (£ per tonne)
2023-03-21,89.73,Europe (€ per tonne)
2023-03-21,73.75,UK (£ per tonne)
2023-03-22,89.67,Europe (€ per tonne)
2023-03-22,73.34,UK (£ per tonne)
2023-03-23,92.58,Europe (€ per tonne)
2023-03-23,75.13,UK (£ per tonne)
2023-03-24,87.65,Europe (€ per tonne)
2023-03-24,72.52,UK (£ per tonne)
2023-03-25,87.65,Europe (€ per tonne)
2023-03-25,72.52,UK (£ per tonne)
2023-03-26,87.65,Europe (€ per tonne)
2023-03-26,72.52,UK (£ per tonne)
2023-03-27,87.41,Europe (€ per tonne)
2023-03-27,71.18,UK (£ per tonne)
2023-03-28,89.32,Europe (€ per tonne)
2023-03-28,72.87,UK (£ per tonne)
2023-03-29,90.29,Europe (€ per tonne)
2023-03-29,73.01,UK (£ per tonne)
2023-03-30,90.96,Europe (€ per tonne)
2023-03-30,73.69,UK (£ per tonne)
2023-03-31,91.93,Europe (€ per tonne)
2023-03-31,73.93,UK (£ per tonne)
2023-04-01,91.93,Europe (€ per tonne)
2023-04-01,73.93,UK (£ per tonne)
2023-04-02,91.93,Europe (€ per tonne)
2023-04-02,73.93,UK (£ per tonne)
2023-04-03,95.75,Europe (€ per tonne)
2023-04-03,77.41,UK (£ per tonne)
2023-04-04,94.96,Europe (€ per tonne)
2023-04-04,75.96,UK (£ per tonne)
2023-04-05,96.63,Europe (€ per tonne)
2023-04-05,73.96,UK (£ per tonne)
2023-04-06,96.66,Europe (€ per tonne)
2023-04-06,73.95,UK (£ per tonne)
2023-04-07,96.66,Europe (€ per tonne)
2023-04-07,73.95,UK (£ per tonne)
2023-04-08,96.66,Europe (€ per tonne)
2023-04-08,73.95,UK (£ per tonne)
2023-04-09,96.66,Europe (€ per tonne)
2023-04-09,73.95,UK (£ per tonne)
2023-04-10,96.66,Europe (€ per tonne)
2023-04-10,73.95,UK (£ per tonne)
2023-04-11,97.44,Europe (€ per tonne)
2023-04-11,74.22,UK (£ per tonne)
2023-04-12,95.92,Europe (€ per tonne)
2023-04-12,72.66,UK (£ per tonne)
2023-04-13,94.45,Europe (€ per tonne)
2023-04-13,71.16,UK (£ per tonne)
2023-04-14,93.84,Europe (€ per tonne)
2023-04-14,70.68,UK (£ per tonne)
2023-04-15,93.84,Europe (€ per tonne)
2023-04-15,70.68,UK (£ per tonne)
2023-04-16,93.84,Europe (€ per tonne)
2023-04-16,70.68,UK (£ per tonne)
2023-04-17,93.04,Europe (€ per tonne)
2023-04-17,69.71,UK (£ per tonne)
2023-04-18,95.31,Europe (€ per tonne)
2023-04-18,69.33,UK (£ per tonne)
2023-04-19,94.45,Europe (€ per tonne)
2023-04-19,67.41,UK (£ per tonne)
2023-04-20,91.96,Europe (€ per tonne)
2023-04-20,64.74,UK (£ per tonne)
2023-04-21,89.72,Europe (€ per tonne)
2023-04-21,63.16,UK (£ per tonne)
2023-04-22,89.72,Europe (€ per tonne)
2023-04-22,63.16,UK (£ per tonne)
2023-04-23,89.72,Europe (€ per tonne)
2023-04-23,63.16,UK (£ per tonne)
2023-04-24,88.39,Europe (€ per tonne)
2023-04-24,63.4,UK (£ per tonne)
2023-04-25,86.99,Europe (€ per tonne)
2023-04-25,62.99,UK (£ per tonne)
2023-04-26,85.64,Europe (€ per tonne)
2023-04-26,61.82,UK (£ per tonne)
2023-04-27,86.05,Europe (€ per tonne)
2023-04-27,61.76,UK (£ per tonne)
2023-04-28,87.34,Europe (€ per tonne)
2023-04-28,61.24,UK (£ per tonne)
2023-04-29,87.34,Europe (€ per tonne)
2023-04-29,61.24,UK (£ per tonne)
2023-04-30,87.34,Europe (€ per tonne)
2023-04-30,61.24,UK (£ per tonne)
2023-05-01,85.91,Europe (€ per tonne)
2023-05-01,61.24,UK (£ per tonne)
2023-05-02,88.41,Europe (€ per tonne)
2023-05-02,60.4,UK (£ per tonne)
2023-05-03,85.0,Europe (€ per tonne)
2023-05-03,58.75,UK (£ per tonne)
2023-05-04,84.67,Europe (€ per tonne)
2023-05-04,59.05,UK (£ per tonne)
2023-05-05,84.96,Europe (€ per tonne)
2023-05-05,59.98,UK (£ per tonne)
2023-05-06,84.96,Europe (€ per tonne)
2023-05-06,59.98,UK (£ per tonne)
2023-05-07,84.96,Europe (€ per tonne)
2023-05-07,59.98,UK (£ per tonne)
2023-05-08,85.41,Europe (€ per tonne)
2023-05-08,59.98,UK (£ per tonne)
2023-05-09,86.77,Europe (€ per tonne)
2023-05-09,59.22,UK (£ per tonne)
2023-05-10,89.49,Europe (€ per tonne)
2023-05-10,60.81,UK (£ per tonne)
2023-05-11,88.38,Europe (€ per tonne)
2023-05-11,60.12,UK (£ per tonne)
2023-05-12,88.48,Europe (€ per tonne)
2023-05-12,58.68,UK (£ per tonne)
2023-05-13,88.48,Europe (€ per tonne)
2023-05-13,58.68,UK (£ per tonne)
2023-05-14,88.48,Europe (€ per tonne)
2023-05-14,58.68,UK (£ per tonne)
2023-05-15,86.97,Europe (€ per tonne)
2023-05-15,57.16,UK (£ per tonne)
2023-05-16,88.59,Europe (€ per tonne)
2023-05-16,57.08,UK (£ per tonne)
2023-05-17,88.15,Europe (€ per tonne)
2023-05-17,60.01,UK (£ per tonne)
2023-05-18,89.85,Europe (€ per tonne)
2023-05-18,62.22,UK (£ per tonne)
2023-05-19,89.88,Europe (€ per tonne)
2023-05-19,61.4,UK (£ per tonne)
2023-05-20,89.88,Europe (€ per tonne)
2023-05-20,61.4,UK (£ per tonne)
2023-05-21,89.88,Europe (€ per tonne)
2023-05-21,61.4,UK (£ per tonne)
2023-05-22,87.76,Europe (€ per tonne)
2023-05-22,58.57,UK (£ per tonne)
2023-05-23,85.5,Europe (€ per tonne)
2023-05-23,55.45,UK (£ per tonne)
2023-05-24,85.15,Europe (€ per tonne)
2023-05-24,55.11,UK (£ per tonne)
2023-05-25,82.99,Europe (€ per tonne)
2023-05-25,53.13,UK (£ per tonne)
2023-05-26,82.3,Europe (€ per tonne)
2023-05-26,53.09,UK (£ per tonne)
2023-05-27,82.3,Europe (€ per tonne)
2023-05-27,53.09,UK (£ per tonne)
2023-05-28,82.3,Europe (€ per tonne)
2023-05-28,53.09,UK (£ per tonne)
2023-05-29,82.86,Europe (€ per tonne)
2023-05-29,53.09,UK (£ per tonne)
2023-05-30,80.52,Europe (€ per tonne)
2023-05-30,49.8,UK (£ per tonne)
2023-05-31,81.02,Europe (€ per tonne)
2023-05-31,52.23,UK (£ per tonne)
2023-06-01,78.72,Europe (€ per tonne)
2023-06-01,51.04,UK (£ per tonne)
2023-06-02,78.99,Europe (€ per tonne)
2023-06-02,51.2,UK (£ per tonne)
2023-06-03,78.99,Europe (€ per tonne)
2023-06-03,51.2,UK (£ per tonne)
2023-06-04,78.99,Europe (€ per tonne)
2023-06-04,51.2,UK (£ per tonne)
2023-06-05,82.48,Europe (€ per tonne)
2023-06-05,52.0,UK (£ per tonne)
2023-06-06,81.67,Europe (€ per tonne)
2023-06-06,51.51,UK (£ per tonne)
2023-06-07,83.54,Europe (€ per tonne)
2023-06-07,53.24,UK (£ per tonne)
2023-06-08,83.99,Europe (€ per tonne)
2023-06-08,53.1,UK (£ per tonne)
2023-06-09,86.79,Europe (€ per tonne)
2023-06-09,53.54,UK (£ per tonne)
2023-06-10,86.79,Europe (€ per tonne)
2023-06-10,53.54,UK (£ per tonne)
2023-06-11,86.79,Europe (€ per tonne)
2023-06-11,53.54,UK (£ per tonne)
2023-06-12,87.82,Europe (€ per tonne)
2023-06-12,53.97,UK (£ per tonne)
2023-06-13,89.9,Europe (€ per tonne)
2023-06-13,55.38,UK (£ per tonne)
2023-06-14,93.32,Europe (€ per tonne)
2023-06-14,58.81,UK (£ per tonne)
2023-06-15,93.26,Europe (€ per tonne)
2023-06-15,60.48,UK (£ per tonne)
2023-06-16,92.35,Europe (€ per tonne)
2023-06-16,59.37,UK (£ per tonne)
2023-06-17,92.35,Europe (€ per tonne)
2023-06-17,59.37,UK (£ per tonne)
2023-06-18,92.35,Europe (€ per tonne)
2023-06-18,59.37,UK (£ per tonne)
2023-06-19,92.15,Europe (€ per tonne)
2023-06-19,59.28,UK (£ per tonne)
2023-06-20,94.85,Europe (€ per tonne)
2023-06-20,59.5,UK (£ per tonne)
2023-06-21,90.55,Europe (€ per tonne)
2023-06-21,58.2,UK (£ per tonne)
2023-06-22,90.15,Europe (€ per tonne)
2023-06-22,56.35,UK (£ per tonne)
2023-06-23,87.88,Europe (€ per tonne)
2023-06-23,53.38,UK (£ per tonne)
2023-06-24,87.88,Europe (€ per tonne)
2023-06-24,53.38,UK (£ per tonne)
2023-06-25,87.88,Europe (€ per tonne)
2023-06-25,53.38,UK (£ per tonne)
2023-06-26,86.25,Europe (€ per tonne)
2023-06-26,51.5,UK (£ per tonne)
2023-06-27,88.85,Europe (€ per tonne)
2023-06-27,51.51,UK (£ per tonne)
2023-06-28,87.72,Europe (€ per tonne)
2023-06-28,53.74,UK (£ per tonne)
2023-06-29,87.89,Europe (€ per tonne)
2023-06-29,54.04,UK (£ per tonne)
2023-06-30,89.08,Europe (€ per tonne)
2023-06-30,53.9,UK (£ per tonne)
2023-07-01,89.08,Europe (€ per tonne)
2023-07-01,53.9,UK (£ per tonne)
2023-07-02,89.08,Europe (€ per tonne)
2023-07-02,53.9,UK (£ per tonne)
2023-07-03,87.32,Europe (€ per tonne)
2023-07-03,58.3,UK (£ per tonne)
2023-07-04,87.25,Europe (€ per tonne)
2023-07-04,56.04,UK (£ per tonne)
2023-07-05,85.81,Europe (€ per tonne)
2023-07-05,52.62,UK (£ per tonne)
2023-07-06,85.96,Europe (€ per tonne)
2023-07-06,50.96,UK (£ per tonne)
2023-07-07,86.16,Europe (€ per tonne)
2023-07-07,50.0,UK (£ per tonne)
2023-07-08,86.16,Europe (€ per tonne)
2023-07-08,50.0,UK (£ per tonne)
2023-07-09,86.16,Europe (€ per tonne)
2023-07-09,50.0,UK (£ per tonne)
2023-07-10,86.3,Europe (€ per tonne)
2023-07-10,50.85,UK (£ per tonne)
2023-07-11,86.74,Europe (€ per tonne)
2023-07-11,50.65,UK (£ per tonne)
2023-07-12,85.81,Europe (€ per tonne)
2023-07-12,50.29,UK (£ per tonne)
2023-07-13,85.84,Europe (€ per tonne)
2023-07-13,50.23,UK (£ per tonne)
2023-07-14,86.04,Europe (€ per tonne)
2023-07-14,49.2,UK (£ per tonne)
2023-07-15,86.04,Europe (€ per tonne)
2023-07-15,49.2,UK (£ per tonne)
2023-07-16,86.04,Europe (€ per tonne)
2023-07-16,49.2,UK (£ per tonne)
2023-07-17,86.49,Europe (€ per tonne)
2023-07-17,49.25,UK (£ per tonne)
2023-07-18,87.35,Europe (€ per tonne)
2023-07-18,48.26,UK (£ per tonne)
2023-07-19,89.18,Europe (€ per tonne)
2023-07-19,49.15,UK (£ per tonne)
2023-07-20,90.52,Europe (€ per tonne)
2023-07-20,48.44,UK (£ per tonne)
2023-07-21,91.43,Europe (€ per tonne)
2023-07-21,48.06,UK (£ per tonne)
2023-07-22,91.43,Europe (€ per tonne)
2023-07-22,48.06,UK (£ per tonne)
2023-07-23,91.43,Europe (€ per tonne)
2023-07-23,48.06,UK (£ per tonne)
2023-07-24,91.11,Europe (€ per tonne)
2023-07-24,47.77,UK (£ per tonne)
2023-07-25,91.93,Europe (€ per tonne)
2023-07-25,47.86,UK (£ per tonne)
2023-07-26,90.84,Europe (€ per tonne)
2023-07-26,47.53,UK (£ per tonne)
2023-07-27,91.06,Europe (€ per tonne)
2023-07-27,47.72,UK (£ per tonne)
2023-07-28,88.68,Europe (€ per tonne)
2023-07-28,46.98,UK (£ per tonne)
2023-07-29,88.68,Europe (€ per tonne)
2023-07-29,46.98,UK (£ per tonne)
2023-07-30,88.68,Europe (€ per tonne)
2023-07-30,46.98,UK (£ per tonne)
2023-07-31,86.67,Europe (€ per tonne)
2023-07-31,45.5,UK (£ per tonne)
2023-08-01,85.1,Europe (€ per tonne)
2023-08-01,42.14,UK (£ per tonne)
2023-08-02,83.45,Europe (€ per tonne)
2023-08-02,40.6,UK (£ per tonne)
2023-08-03,84.77,Europe (€ per tonne)
2023-08-03,40.55,UK (£ per tonne)
2023-08-04,83.65,Europe (€ per tonne)
2023-08-04,41.23,UK (£ per tonne)
2023-08-05,83.65,Europe (€ per tonne)
2023-08-05,41.23,UK (£ per tonne)
2023-08-06,83.65,Europe (€ per tonne)
2023-08-06,41.23,UK (£ per tonne)
2023-08-07,82.68,Europe (€ per tonne)
2023-08-07,40.27,UK (£ per tonne)
2023-08-08,84.34,Europe (€ per tonne)
2023-08-08,40.53,UK (£ per tonne)
2023-08-09,83.95,Europe (€ per tonne)
2023-08-09,39.96,UK (£ per tonne)
2023-08-10,84.9,Europe (€ per tonne)
2023-08-10,39.76,UK (£ per tonne)
2023-08-11,86.73,Europe (€ per tonne)
2023-08-11,40.31,UK (£ per tonne)
